"cbsa23","state","stab","CBSAName23","pop20","afact"
"10100","46","SD","Aberdeen, SD",42287,1 
"10140","53","WA","Aberdeen, WA",75636,1 
"10180","48","TX","Abilene, TX",176579,1 
"10220","40","OK","Ada, OK",38065,1 
"10300","26","MI","Adrian, MI",99423,1 
"10380","72","PR","Aguadilla, PR",253768,1 
"10420","39","OH","Akron, OH",702219,1 
"10460","35","NM","Alamogordo, NM",67839,1 
"10480","08","CO","Alamosa, CO",27336,1 
"10500","13","GA","Albany, GA",148922,1 
"10540","41","OR","Albany, OR",128610,1 
"10580","36","NY","Albany-Schenectady-Troy, NY",899262,1 
"10620","37","NC","Albemarle, NC",62504,1 
"10660","27","MN","Albert Lea, MN",30895,1 
"10700","01","AL","Albertville, AL",97612,1 
"10740","35","NM","Albuquerque, NM",916528,1 
"10760","01","AL","Alexander City, AL",41311,1 
"10780","22","LA","Alexandria, LA",152192,1 
"10820","27","MN","Alexandria, MN",39006,1 
"10860","48","TX","Alice, TX",45967,1 
"10900","34","NJ","Allentown-Bethlehem-Easton, PA-NJ",109632,0.1272 
"10900","42","PA","Allentown-Bethlehem-Easton, PA-NJ",752257,0.8728 
"10940","26","MI","Alma, MI",41761,1 
"10980","26","MI","Alpena, MI",28907,1 
"11020","42","PA","Altoona, PA",122822,1 
"11060","40","OK","Altus, OK",24785,1 
"11100","48","TX","Amarillo, TX",268691,1 
"11140","13","GA","Americus, GA",34163,1 
"11180","19","IA","Ames, IA",125252,1 
"11200","25","MA","Amherst Town-Northampton, MA",162308,1 
"11220","36","NY","Amsterdam, NY",49532,1 
"11260","02","AK","Anchorage, AK",398328,1 
"11360","37","NC","Anderson Creek, NC",133568,1 
"11380","48","TX","Andrews, TX",18610,1 
"11420","18","IN","Angola, IN",34435,1 
"11460","26","MI","Ann Arbor, MI",372258,1 
"11500","01","AL","Anniston-Oxford, AL",116441,1 
"11540","55","WI","Appleton, WI",243147,1 
"11580","12","FL","Arcadia, FL",33976,1 
"11620","40","OK","Ardmore, OK",48003,1 
"11640","72","PR","Arecibo, PR",182705,1 
"11660","05","AR","Arkadelphia, AR",21446,1 
"11680","20","KS","Arkansas City-Winfield, KS",34549,1 
"11700","37","NC","Asheville, NC",406926,1 
"11740","39","OH","Ashland, OH",52447,1 
"11820","41","OR","Astoria, OR",41072,1 
"11860","20","KS","Atchison, KS",16348,1 
"11900","39","OH","Athens, OH",62431,1 
"11940","47","TN","Athens, TN",66034,1 
"11980","48","TX","Athens, TX",82150,1 
"12020","13","GA","Athens-Clarke County, GA",215415,1 
"12060","13","GA","Atlanta-Sandy Springs-Roswell, GA",6104803,1 
"12100","34","NJ","Atlantic City-Hammonton, NJ",369797,1 
"12140","18","IN","Auburn, IN",43265,1 
"12180","36","NY","Auburn, NY",76248,1 
"12220","01","AL","Auburn-Opelika, AL",193773,1 
"12260","13","GA","Augusta-Richmond County, GA-SC",416535,0.6817 
"12260","45","SC","Augusta-Richmond County, GA-SC",194465,0.3183 
"12300","23","ME","Augusta-Waterville, ME",123642,1 
"12380","27","MN","Austin, MN",40029,1 
"12420","48","TX","Austin-Round Rock-San Marcos, TX",2283371,1 
"12460","13","GA","Bainbridge, GA",29367,1 
"12520","41","OR","Baker City, OR",16668,1 
"12540","06","CA","Bakersfield-Delano, CA",909235,1 
"12580","24","MD","Baltimore-Columbia-Towson, MD",2844510,1 
"12620","23","ME","Bangor, ME",152199,1 
"12660","55","WI","Baraboo, WI",65763,1 
"12700","25","MA","Barnstable Town, MA",228996,1 
"12740","50","VT","Barre, VT",59807,1 
"12780","40","OK","Bartlesville, OK",52455,1 
"12860","36","NY","Batavia, NY",58388,1 
"12900","05","AR","Batesville, AR",37938,1 
"12940","22","LA","Baton Rouge, LA",870569,1 
"12980","26","MI","Battle Creek, MI",134310,1 
"13020","26","MI","Bay City, MI",103856,1 
"13060","48","TX","Bay City, TX",36255,1 
"13100","31","NE","Beatrice, NE",21704,1 
"13140","48","TX","Beaumont-Port Arthur, TX",397565,1 
"13180","55","WI","Beaver Dam, WI",89396,1 
"13220","54","WV","Beckley, WV",115079,1 
"13260","18","IN","Bedford, IN",45011,1 
"13300","48","TX","Beeville, TX",31047,1 
"13340","39","OH","Bellefontaine, OH",46150,1 
"13380","53","WA","Bellingham, WA",226847,1 
"13420","27","MN","Bemidji, MN",46228,1 
"13460","41","OR","Bend, OR",247493,1 
"13540","50","VT","Bennington, VT",37347,1 
"13660","26","MI","Big Rapids, MI",39714,1 
"13700","48","TX","Big Spring, TX",34860,1 
"13740","30","MT","Billings, MT",184167,1 
"13780","36","NY","Binghamton, NY",247138,1 
"13820","01","AL","Birmingham, AL",1180631,1 
"13860","06","CA","Bishop, CA",19016,1 
"13900","38","ND","Bismarck, ND",133626,1 
"13940","16","ID","Blackfoot, ID",47992,1 
"13980","51","VA","Blacksburg-Christiansburg-Radford, VA",181854,1 
"14010","17","IL","Bloomington, IL",170954,1 
"14020","18","IN","Bloomington, IN",161039,1 
"14100","42","PA","Bloomsburg-Berwick, PA",64727,1 
"14140","51","VA","Bluefield, WV-VA",40429,0.4039 
"14140","54","WV","Bluefield, WV-VA",59664,0.5961 
"14180","05","AR","Blytheville, AR",40685,1 
"14220","22","LA","Bogalusa, LA",45463,1 
"14260","16","ID","Boise City, ID",764718,1 
"14300","48","TX","Bonham, TX",35662,1 
"14380","37","NC","Boone, NC",54086,1 
"14420","48","TX","Borger, TX",20617,1 
"14460","25","MA","Boston-Cambridge-Newton, MA-NH",4496567,0.9099 
"14460","33","NH","Boston-Cambridge-Newton, MA-NH",445065,0.0901 
"14500","08","CO","Boulder, CO",330758,1 
"14540","21","KY","Bowling Green, KY",179639,1 
"14580","30","MT","Bozeman, MT",118960,1 
"14620","42","PA","Bradford, PA",40432,1 
"14660","27","MN","Brainerd, MN",96189,1 
"14700","29","MO","Branson, MO",56066,1 
"14710","50","VT","Brattleboro, VT",45905,1 
"14720","08","CO","Breckenridge, CO",38491,1 
"14740","53","WA","Bremerton-Silverdale-Port Orchard, WA",275611,1 
"14780","48","TX","Brenham, TX",35805,1 
"14820","37","NC","Brevard, NC",32986,1 
"14940","16","ID","Brigham City, UT-ID",4564,0.0733 
"14940","49","UT","Brigham City, UT-ID",57666,0.9267 
"15020","28","MS","Brookhaven, MS",34907,1 
"15060","41","OR","Brookings, OR",23446,1 
"15100","46","SD","Brookings, SD",34375,1 
"15180","48","TX","Brownsville-Harlingen, TX",421017,1 
"15220","48","TX","Brownwood, TX",38095,1 
"15260","13","GA","Brunswick-St. Simons, GA",113495,1 
"15340","39","OH","Bucyrus, OH",42025,1 
"15380","36","NY","Buffalo-Cheektowaga, NY",1166902,1 
"15420","16","ID","Burley, ID",46268,1 
"15460","17","IL","Burlington, IA-IL",6387,0.141 
"15460","19","IA","Burlington, IA-IL",38910,0.859 
"15500","37","NC","Burlington, NC",171415,1 
"15540","50","VT","Burlington-South Burlington, VT",225562,1 
"15580","30","MT","Butte-Silver Bow, MT",35133,1 
"15620","26","MI","Cadillac, MI",48725,1 
"15660","13","GA","Calhoun, GA",57544,1 
"15700","24","MD","Cambridge, MD",32531,1 
"15740","39","OH","Cambridge, OH",38438,1 
"15780","05","AR","Camden, AR",27389,1 
"15820","21","KY","Campbellsville, KY",37130,1 
"15860","08","CO","Ca�on City, CO",48939,1 
"15900","17","IL","Canton, IL",33609,1 
"15940","39","OH","Canton-Massillon, OH",401574,1 
"15980","12","FL","Cape Coral-Fort Myers, FL",760822,1 
"16020","17","IL","Cape Girardeau, MO-IL",5240,0.0537 
"16020","29","MO","Cape Girardeau, MO-IL",92277,0.9463 
"16060","17","IL","Carbondale, IL",52974,1 
"16100","35","NM","Carlsbad-Artesia, NM",62314,1 
"16140","19","IA","Carroll, IA",20760,1 
"16180","32","NV","Carson City, NV",58639,1 
"16220","56","WY","Casper, WY",79955,1 
"16260","49","UT","Cedar City, UT",57289,1 
"16300","19","IA","Cedar Rapids, IA",276520,1 
"16340","13","GA","Cedartown, GA",42853,1 
"16380","39","OH","Celina, OH",42528,1 
"16460","17","IL","Centralia, IL",37729,1 
"16500","53","WA","Centralia, WA",82149,1 
"16540","42","PA","Chambersburg, PA",155932,1 
"16580","17","IL","Champaign-Urbana, IL",236072,1 
"16620","54","WV","Charleston, WV",210605,1 
"16660","17","IL","Charleston-Mattoon, IL",46863,1 
"16700","45","SC","Charleston-North Charleston, SC",799636,1 
"16740","37","NC","Charlotte-Concord-Gastonia, NC-SC",2249929,0.8457 
"16740","45","SC","Charlotte-Concord-Gastonia, NC-SC",410400,0.1543 
"16820","51","VA","Charlottesville, VA",221524,1 
"16860","13","GA","Chattanooga, TN-GA",151777,0.2698 
"16860","47","TN","Chattanooga, TN-GA",410870,0.7302 
"16940","56","WY","Cheyenne, WY",100512,1 
"16980","17","IL","Chicago-Naperville-Elgin, IL-IN",8730688,0.9239 
"16980","18","IN","Chicago-Naperville-Elgin, IL-IN",718663,0.0761 
"17020","06","CA","Chico, CA",211632,1 
"17060","39","OH","Chillicothe, OH",77093,1 
"17140","18","IN","Cincinnati, OH-KY-IN",79404,0.0353 
"17140","21","KY","Cincinnati, OH-KY-IN",454783,0.2021 
"17140","39","OH","Cincinnati, OH-KY-IN",1715610,0.7626 
"17220","54","WV","Clarksburg, WV",90434,1 
"17260","28","MS","Clarksdale, MS",21390,1 
"17300","21","KY","Clarksville, TN-KY",86809,0.2708 
"17300","47","TN","Clarksville, TN-KY",233726,0.7292 
"17340","06","CA","Clearlake, CA",68163,1 
"17380","28","MS","Cleveland, MS",30985,1 
"17410","39","OH","Cleveland, OH",2185825,1 
"17420","47","TN","Cleveland, TN",126164,1 
"17500","12","FL","Clewiston, FL",51745,1 
"17540","19","IA","Clinton, IA",46460,1 
"17580","35","NM","Clovis, NM",67621,1 
"17620","72","PR","Coamo, PR",54949,1 
"17640","72","PR","Coco, PR",25789,1 
"17650","56","WY","Cody, WY",29624,1 
"17660","16","ID","Coeur d'Alene, ID",171362,1 
"17740","26","MI","Coldwater, MI",44862,1 
"17780","48","TX","College Station-Bryan, TX",268248,1 
"17820","08","CO","Colorado Springs, CO",755105,1 
"17860","29","MO","Columbia, MO",210864,1 
"17900","45","SC","Columbia, SC",829470,1 
"17980","01","AL","Columbus, GA-AL",59183,0.18 
"17980","13","GA","Columbus, GA-AL",269700,0.82 
"18020","18","IN","Columbus, IN",82208,1 
"18060","28","MS","Columbus, MS",69164,1 
"18100","31","NE","Columbus, NE",44878,1 
"18140","39","OH","Columbus, OH",2138926,1 
"18180","33","NH","Concord, NH",153808,1 
"18220","18","IN","Connersville, IN",23398,1 
"18260","47","TN","Cookeville, TN",141333,1 
"18300","41","OR","Coos Bay-North Bend, OR",64929,1 
"18340","21","KY","Corbin, KY",149863,1 
"18380","13","GA","Cordele, GA",20128,1 
"18420","28","MS","Corinth, MS",34740,1 
"18460","13","GA","Cornelia, GA",46031,1 
"18500","36","NY","Corning, NY",93584,1 
"18580","48","TX","Corpus Christi, TX",445763,1 
"18620","48","TX","Corsicana, TX",52624,1 
"18660","36","NY","Cortland, NY",46809,1 
"18700","41","OR","Corvallis, OR",95184,1 
"18740","39","OH","Coshocton, OH",36612,1 
"18820","18","IN","Crawfordsville, IN",37936,1 
"18860","06","CA","Crescent City, CA",27743,1 
"18880","12","FL","Crestview-Fort Walton Beach-Destin, FL",286973,1 
"18900","47","TN","Crossville, TN",61145,1 
"18980","01","AL","Cullman, AL",87866,1 
"19060","24","MD","Cumberland, MD-WV",68106,0.7166 
"19060","54","WV","Cumberland, MD-WV",26938,0.2834 
"19100","48","TX","Dallas-Fort Worth-Arlington, TX",7637387,1 
"19140","13","GA","Dalton, GA",142837,1 
"19180","17","IL","Danville, IL",74188,1 
"19220","21","KY","Danville, KY",54889,1 
"19260","51","VA","Danville, VA",103091,1 
"19300","01","AL","Daphne-Fairhope-Foley, AL",231767,1 
"19340","17","IL","Davenport-Moline-Rock Island, IA-IL",209655,0.5455 
"19340","19","IA","Davenport-Moline-Rock Island, IA-IL",174669,0.4545 
"19430","39","OH","Dayton-Kettering-Beavercreek, OH",814049,1 
"19460","01","AL","Decatur, AL",156494,1 
"19500","17","IL","Decatur, IL",103998,1 
"19540","18","IN","Decatur, IN",35809,1 
"19580","39","OH","Defiance, OH",38286,1 
"19620","48","TX","Del Rio, TX",47586,1 
"19660","12","FL","Deltona-Daytona Beach-Ormond Beach, FL",668921,1 
"19700","35","NM","Deming, NM",25427,1 
"19740","08","CO","Denver-Aurora-Centennial, CO",2963821,1 
"19760","22","LA","DeRidder, LA",36549,1 
"19780","19","IA","Des Moines-West Des Moines, IA",709466,1 
"19810","27","MN","Detroit Lakes, MN",35183,1 
"19820","26","MI","Detroit-Warren-Dearborn, MI",4392041,1 
"19860","38","ND","Dickinson, ND",38686,1 
"19940","17","IL","Dixon, IL",34145,1 
"19980","20","KS","Dodge City, KS",34287,1 
"20020","01","AL","Dothan, AL",151007,1 
"20060","13","GA","Douglas, GA",51378,1 
"20100","10","DE","Dover, DE",181851,1 
"20140","13","GA","Dublin, GA",58759,1 
"20180","42","PA","DuBois, PA",80562,1 
"20220","19","IA","Dubuque, IA",99266,1 
"20260","27","MN","Duluth, MN-WI",236438,0.8422 
"20260","55","WI","Duluth, MN-WI",44295,0.1578 
"20300","48","TX","Dumas, TX",21358,1 
"20340","40","OK","Duncan, OK",42848,1 
"20420","08","CO","Durango, CO",55638,1 
"20460","40","OK","Durant, OK",46067,1 
"20500","37","NC","Durham-Chapel Hill, NC",588911,1 
"20540","47","TN","Dyersburg, TN",36801,1 
"20580","48","TX","Eagle Pass, TX",57887,1 
"20660","24","MD","Easton, MD",37526,1 
"20700","42","PA","East Stroudsburg, PA",168327,1 
"20740","55","WI","Eau Claire, WI",172007,1 
"20780","08","CO","Edwards, CO",55731,1 
"20820","17","IL","Effingham, IL",45118,1 
"20900","48","TX","El Campo, TX",41570,1 
"20940","06","CA","El Centro, CA",179702,1 
"20980","05","AR","El Dorado, AR",39054,1 
"21020","37","NC","Elizabeth City, NC",40568,1 
"21060","21","KY","Elizabethtown, KY",125569,1 
"21120","40","OK","Elk City, OK",22410,1 
"21140","18","IN","Elkhart-Goshen, IN",207047,1 
"21180","54","WV","Elkins, WV",27932,1 
"21220","32","NV","Elko, NV",55557,1 
"21260","53","WA","Ellensburg, WA",44337,1 
"21300","36","NY","Elmira, NY",84148,1 
"21340","48","TX","El Paso, TX",868859,1 
"21380","20","KS","Emporia, KS",34751,1 
"21420","40","OK","Enid, OK",62846,1 
"21460","01","AL","Enterprise, AL",53465,1 
"21500","42","PA","Erie, PA",270876,1 
"21540","26","MI","Escanaba, MI",36903,1 
"21580","35","NM","Espa�ola, NM",40363,1 
"21640","01","AL","Eufaula, AL-GA",25223,0.9186 
"21640","13","GA","Eufaula, AL-GA",2235,0.0814 
"21660","41","OR","Eugene-Springfield, OR",382971,1 
"21700","06","CA","Eureka-Arcata, CA",136463,1 
"21740","49","UT","Evanston, WY-UT",2510,0.1093 
"21740","56","WY","Evanston, WY-UT",20450,0.8907 
"21780","18","IN","Evansville, IN",269256,1 
"21820","02","AK","Fairbanks-College, AK",95655,1 
"21860","27","MN","Fairmont, MN",20025,1 
"21900","54","WV","Fairmont, WV",56205,1 
"21980","32","NV","Fallon, NV",25516,1 
"22020","27","MN","Fargo, ND-MN",65318,0.2614 
"22020","38","ND","Fargo, ND-MN",184525,0.7386 
"22060","27","MN","Faribault-Northfield, MN",67097,1 
"22100","29","MO","Farmington, MO",66922,1 
"22140","35","NM","Farmington, NM",121661,1 
"22180","37","NC","Fayetteville, NC",386810,1 
"22190","47","TN","Fayetteville, TN",35319,1 
"22220","05","AR","Fayetteville-Springdale-Rogers, AR",546725,1 
"22260","27","MN","Fergus Falls, MN",60081,1 
"22300","39","OH","Findlay, OH",74920,1 
"22340","13","GA","Fitzgerald, GA",17194,1 
"22380","04","AZ","Flagstaff, AZ",145101,1 
"22420","26","MI","Flint, MI",406211,1 
"22500","45","SC","Florence, SC",199964,1 
"22520","01","AL","Florence-Muscle Shoals, AL",150791,1 
"22540","55","WI","Fond du Lac, WI",104154,1 
"22580","37","NC","Forest City, NC",64444,1 
"22620","05","AR","Forrest City, AR",23090,1 
"22660","08","CO","Fort Collins-Loveland, CO",359066,1 
"22700","19","IA","Fort Dodge, IA",36999,1 
"22780","29","MO","Fort Leonard Wood, MO",53955,1 
"22800","19","IA","Fort Madison, IA",33555,1 
"22820","08","CO","Fort Morgan, CO",29111,1 
"22840","01","AL","Fort Payne, AL",71608,1 
"22900","05","AR","Fort Smith, AR-OK",187932,0.8271 
"22900","40","OK","Fort Smith, AR-OK",39281,0.1729 
"23060","18","IN","Fort Wayne, IN",447781,1 
"23140","18","IN","Frankfort, IN",33190,1 
"23180","21","KY","Frankfort, KY",75393,1 
"23190","21","KY","Franklin, KY",19594,1 
"23240","48","TX","Fredericksburg, TX",26725,1 
"23300","17","IL","Freeport, IL",44630,1 
"23340","31","NE","Fremont, NE",37167,1 
"23380","39","OH","Fremont, OH",58896,1 
"23420","06","CA","Fresno, CA",1164909,1 
"23460","01","AL","Gadsden, AL",103436,1 
"23500","45","SC","Gaffney, SC",56216,1 
"23540","12","FL","Gainesville, FL",339247,1 
"23580","13","GA","Gainesville, GA",203136,1 
"23620","48","TX","Gainesville, TX",41668,1 
"23660","17","IL","Galesburg, IL",49967,1 
"23680","39","OH","Gallipolis, OH",29220,1 
"23700","35","NM","Gallup, NM",72902,1 
"23780","20","KS","Garden City, KS",38470,1 
"23820","06","CA","Gardnerville Ranchos, NV-CA",1204,0.0238 
"23820","32","NV","Gardnerville Ranchos, NV-CA",49488,0.9762 
"23900","42","PA","Gettysburg, PA",103852,1 
"23940","56","WY","Gillette, WY",47026,1 
"23980","21","KY","Glasgow, KY",54771,1 
"24020","36","NY","Glens Falls, NY",127039,1 
"24100","36","NY","Gloversville, NY",53324,1 
"24140","37","NC","Goldsboro, NC",117333,1 
"24180","48","TX","Granbury, TX",61598,1 
"24220","27","MN","Grand Forks, ND-MN",31192,0.2989 
"24220","38","ND","Grand Forks, ND-MN",73170,0.7011 
"24260","31","NE","Grand Island, NE",77038,1 
"24300","08","CO","Grand Junction, CO",155703,1 
"24330","27","MN","Grand Rapids, MN",45014,1 
"24340","26","MI","Grand Rapids-Wyoming-Kentwood, MI",1150015,1 
"24420","41","OR","Grants Pass, OR",88090,1 
"24460","20","KS","Great Bend, KS",25493,1 
"24500","30","MT","Great Falls, MT",84414,1 
"24540","08","CO","Greeley, CO",328981,1 
"24580","55","WI","Green Bay, WI",328268,1 
"24600","18","IN","Greencastle, IN",36726,1 
"24620","47","TN","Greeneville, TN",70152,1 
"24640","25","MA","Greenfield, MA",71029,1 
"24660","37","NC","Greensboro-High Point, NC",776566,1 
"24700","18","IN","Greensburg, IN",26472,1 
"24740","28","MS","Greenville, MS",44922,1 
"24780","37","NC","Greenville, NC",170243,1 
"24820","39","OH","Greenville, OH",51881,1 
"24860","45","SC","Greenville-Anderson-Greer, SC",928195,1 
"24900","28","MS","Greenwood, MS",38337,1 
"24940","45","SC","Greenwood, SC",93646,1 
"24980","28","MS","Grenada, MS",31451,1 
"25020","72","PR","Guayama, PR",68442,1 
"25060","28","MS","Gulfport-Biloxi, MS",416259,1 
"25100","40","OK","Guymon, OK",21384,1 
"25180","24","MD","Hagerstown-Martinsburg, MD-WV",154705,0.5265 
"25180","54","WV","Hagerstown-Martinsburg, MD-WV",139139,0.4735 
"25200","16","ID","Hailey, ID",30476,1 
"25220","22","LA","Hammond, LA",133157,1 
"25260","06","CA","Hanford-Corcoran, CA",152486,1 
"25300","29","MO","Hannibal, MO",38880,1 
"25420","42","PA","Harrisburg-Carlisle, PA",591712,1 
"25460","05","AR","Harrison, AR",44598,1 
"25500","51","VA","Harrisonburg, VA",135571,1 
"25580","31","NE","Hastings, NE",40704,1 
"25620","28","MS","Hattiesburg, MS",153891,1 
"25700","20","KS","Hays, KS",28934,1 
"25720","49","UT","Heber, UT",77145,1 
"25740","30","MT","Helena, MT",89832,1 
"25770","42","PA","Hemlock Farms, PA",58535,1 
"25775","21","KY","Henderson, KY",57810,1 
"25780","37","NC","Henderson, NC",42578,1 
"25820","48","TX","Hereford, TX",18583,1 
"25840","41","OR","Hermiston-Pendleton, OR",92261,1 
"25850","42","PA","Hermitage, PA",110652,1 
"25860","37","NC","Hickory-Lenoir-Morganton, NC",365276,1 
"25880","26","MI","Hillsdale, MI",45746,1 
"25900","15","HI","Hilo-Kailua, HI",200629,1 
"25940","45","SC","Hilton Head Island-Bluffton-Port Royal, SC",215908,1 
"25980","13","GA","Hinesville, GA",81424,1 
"26020","35","NM","Hobbs, NM",74455,1 
"26090","26","MI","Holland, MI",120502,1 
"26140","12","FL","Homosassa Springs, FL",153843,1 
"26220","41","OR","Hood River, OR",23977,1 
"26300","05","AR","Hot Springs, AR",100180,1 
"26340","26","MI","Houghton, MI",39407,1 
"26380","22","LA","Houma-Bayou Cane-Thibodaux, LA",207137,1 
"26420","48","TX","Houston-Pasadena-The Woodlands, TX",7149642,1 
"26460","36","NY","Hudson, NY",61570,1 
"26500","42","PA","Huntingdon, PA",44092,1 
"26540","18","IN","Huntington, IN",36662,1 
"26580","21","KY","Huntington-Ashland, WV-KY-OH",127143,0.338 
"26580","39","OH","Huntington-Ashland, WV-KY-OH",58240,0.1548 
"26580","54","WV","Huntington-Ashland, WV-KY-OH",190772,0.5072 
"26620","01","AL","Huntsville, AL",491723,1 
"26660","48","TX","Huntsville, TX",76400,1 
"26700","46","SD","Huron, SD",19149,1 
"26740","20","KS","Hutchinson, KS",61898,1 
"26780","27","MN","Hutchinson, MN",36771,1 
"26820","16","ID","Idaho Falls, ID",157429,1 
"26860","42","PA","Indiana, PA",83246,1 
"26900","18","IN","Indianapolis-Carmel-Greenwood, IN",2089673,1 
"26980","19","IA","Iowa City, IA",175419,1 
"27020","26","MI","Iron Mountain, MI-WI",25947,0.8506 
"27020","55","WI","Iron Mountain, MI-WI",4558,0.1494 
"27060","36","NY","Ithaca, NY",105740,1 
"27100","26","MI","Jackson, MI",160366,1 
"27140","28","MS","Jackson, MS",619968,1 
"27180","47","TN","Jackson, TN",180504,1 
"27220","16","ID","Jackson, WY-ID",11630,0.3327 
"27220","56","WY","Jackson, WY-ID",23331,0.6673 
"27260","12","FL","Jacksonville, FL",1605848,1 
"27300","17","IL","Jacksonville, IL",37864,1 
"27340","37","NC","Jacksonville, NC",204576,1 
"27380","48","TX","Jacksonville, TX",50412,1 
"27420","38","ND","Jamestown, ND",21593,1 
"27460","36","NY","Jamestown-Dunkirk, NY",127657,1 
"27500","55","WI","Janesville-Beloit, WI",163687,1 
"27540","18","IN","Jasper, IN",43637,1 
"27600","13","GA","Jefferson, GA",75907,1 
"27620","29","MO","Jefferson City, MO",150309,1 
"27700","13","GA","Jesup, GA",30144,1 
"27740","47","TN","Johnson City, TN",207285,1 
"27780","42","PA","Johnstown, PA",133472,1 
"27860","05","AR","Jonesboro, AR",134196,1 
"27900","20","KS","Joplin, MO-KS",19362,0.0964 
"27900","29","MO","Joplin, MO-KS",181409,0.9036 
"27940","02","AK","Juneau, AK",32255,1 
"27980","15","HI","Kahului-Wailuku, HI",164836,1 
"28020","26","MI","Kalamazoo-Portage, MI",261670,1 
"28060","30","MT","Kalispell, MT",104357,1 
"28100","17","IL","Kankakee, IL",107502,1 
"28140","20","KS","Kansas City, MO-KS",904771,0.4128 
"28140","29","MO","Kansas City, MO-KS",1287264,0.5872 
"28180","15","HI","Kapaa, HI",73298,1 
"28260","31","NE","Kearney, NE",56772,1 
"28300","33","NH","Keene, NH",76458,1 
"28340","18","IN","Kendallville, IN",47457,1 
"28380","29","MO","Kennett, MO",28283,1 
"28420","53","WA","Kennewick-Richland, WA",303622,1 
"28450","55","WI","Kenosha, WI",169151,1 
"28500","48","TX","Kerrville, TX",52598,1 
"28540","02","AK","Ketchikan, AK",13948,1 
"28580","12","FL","Key West-Key Largo, FL",82874,1 
"28620","37","NC","Kill Devil Hills, NC",36915,1 
"28660","48","TX","Killeen-Temple, TX",475367,1 
"28680","13","GA","Kingsland, GA",54768,1 
"28700","47","TN","Kingsport-Bristol, TN-VA",214884,0.6986 
"28700","51","VA","Kingsport-Bristol, TN-VA",92730,0.3014 
"28740","36","NY","Kingston, NY",181851,1 
"28780","48","TX","Kingsville, TX",31040,1 
"28820","37","NC","Kinston, NC",55122,1 
"28860","29","MO","Kirksville, MO",29346,1 
"28880","36","NY","Kiryas Joel-Poughkeepsie-Newburgh, NY",697221,1 
"28900","41","OR","Klamath Falls, OR",69413,1 
"28940","47","TN","Knoxville, TN",903300,1 
"29020","18","IN","Kokomo, IN",83658,1 
"29060","33","NH","Laconia, NH",63705,1 
"29100","27","MN","La Crosse-Onalaska, WI-MN",18843,0.1106 
"29100","55","WI","La Crosse-Onalaska, WI-MN",151498,0.8894 
"29180","22","LA","Lafayette, LA",408455,1 
"29200","18","IN","Lafayette-West Lafayette, IN",223716,1 
"29260","41","OR","La Grande, OR",26196,1 
"29300","01","AL","LaGrange, GA-AL",34772,0.3337 
"29300","13","GA","LaGrange, GA-AL",69426,0.6663 
"29340","22","LA","Lake Charles, LA",254652,1 
"29380","12","FL","Lake City, FL",69698,1 
"29420","04","AZ","Lake Havasu City-Kingman, AZ",213267,1 
"29460","12","FL","Lakeland-Winter Haven, FL",725046,1 
"29470","51","VA","Lake of the Woods, VA",36254,1 
"29540","42","PA","Lancaster, PA",552984,1 
"29620","26","MI","Lansing-East Lansing, MI",473203,1 
"29660","56","WY","Laramie, WY",37066,1 
"29700","48","TX","Laredo, TX",267114,1 
"29720","72","PR","Lares, PR",28105,1 
"29740","35","NM","Las Cruces, NM",219561,1 
"29780","35","NM","Las Vegas, NM",31390,1 
"29820","32","NV","Las Vegas-Henderson-North Las Vegas, NV",2265461,1 
"29860","28","MS","Laurel, MS",83613,1 
"29900","37","NC","Laurinburg, NC",34174,1 
"29940","20","KS","Lawrence, KS",118785,1 
"29980","47","TN","Lawrenceburg, TN",44159,1 
"30020","40","OK","Lawton, OK",126652,1 
"30060","29","MO","Lebanon, MO",36039,1 
"30140","42","PA","Lebanon, PA",143257,1 
"30150","33","NH","Lebanon-Claremont, NH-VT",134181,0.6066 
"30150","50","VT","Lebanon-Claremont, NH-VT",87030,0.3934 
"30180","19","IA","Le Mars, IA",25698,1 
"30260","42","PA","Lewisburg, PA",42681,1 
"30280","47","TN","Lewisburg, TN",34318,1 
"30300","16","ID","Lewiston, ID-WA",42090,0.6538 
"30300","53","WA","Lewiston, ID-WA",22285,0.3462 
"30340","23","ME","Lewiston-Auburn, ME",111139,1 
"30380","42","PA","Lewistown, PA",46143,1 
"30420","31","NE","Lexington, NE",26004,1 
"30460","21","KY","Lexington-Fayette, KY",516811,1 
"30500","24","MD","Lexington Park, MD",206560,1 
"30580","20","KS","Liberal, KS",21964,1 
"30620","39","OH","Lima, OH",102206,1 
"30660","17","IL","Lincoln, IL",27987,1 
"30700","31","NE","Lincoln, NE",340217,1 
"30780","05","AR","Little Rock-North Little Rock-Conway, AR",748031,1 
"30820","42","PA","Lock Haven, PA",37450,1 
"30860","16","ID","Logan, UT-ID",14194,0.0963 
"30860","49","UT","Logan, UT-ID",133154,0.9037 
"30900","18","IN","Logansport, IN",37870,1 
"30980","48","TX","Longview, TX",286184,1 
"31020","53","WA","Longview-Kelso, WA",110730,1 
"31060","35","NM","Los Alamos, NM",19419,1 
"31080","06","CA","Los Angeles-Long Beach-Anaheim, CA",13200998,1 
"31140","18","IN","Louisville/Jefferson County, KY-IN",269413,0.1978 
"31140","21","KY","Louisville/Jefferson County, KY-IN",1092767,0.8022 
"31180","48","TX","Lubbock, TX",351268,1 
"31220","26","MI","Ludington, MI",29052,1 
"31260","48","TX","Lufkin, TX",86395,1 
"31300","37","NC","Lumberton, NC",116530,1 
"31340","51","VA","Lynchburg, VA",261593,1 
"31380","17","IL","Macomb, IL",27238,1 
"31420","13","GA","Macon-Bibb County, GA",233802,1 
"31500","18","IN","Madison, IN",33147,1 
"31540","55","WI","Madison, WI",680796,1 
"31580","21","KY","Madisonville, KY",45423,1 
"31620","05","AR","Magnolia, AR",22801,1 
"31680","05","AR","Malvern, AR",33040,1 
"31700","33","NH","Manchester-Nashua, NH",422937,1 
"31740","20","KS","Manhattan, KS",134046,1 
"31820","55","WI","Manitowoc, WI",81359,1 
"31860","27","MN","Mankato, MN",103566,1 
"31900","39","OH","Mansfield, OH",124936,1 
"31930","39","OH","Marietta, OH",59771,1 
"31940","26","MI","Marinette, WI-MI",23502,0.3595 
"31940","55","WI","Marinette, WI-MI",41872,0.6405 
"31980","18","IN","Marion, IN",66674,1 
"32000","37","NC","Marion, NC",44578,1 
"32020","39","OH","Marion, OH",65359,1 
"32060","17","IL","Marion-Herrin, IL",67153,1 
"32100","26","MI","Marquette, MI",66017,1 
"32140","27","MN","Marshall, MN",25269,1 
"32180","29","MO","Marshall, MO",23333,1 
"32260","19","IA","Marshalltown, IA",40105,1 
"32280","47","TN","Martin, TN",32902,1 
"32300","51","VA","Martinsville, VA",64433,1 
"32340","29","MO","Maryville, MO",21241,1 
"32380","19","IA","Mason City, IA",50570,1 
"32390","36","NY","Massena-Ogdensburg, NY",108505,1 
"32420","72","PR","Mayag�ez, PR",213831,1 
"32460","21","KY","Mayfield, KY",36649,1 
"32540","40","OK","McAlester, OK",43773,1 
"32580","48","TX","McAllen-Edinburg-Mission, TX",870781,1 
"32620","28","MS","McComb, MS",54208,1 
"32660","47","TN","McMinnville, TN",40953,1 
"32700","20","KS","McPherson, KS",30223,1 
"32740","42","PA","Meadville, PA",83938,1 
"32780","41","OR","Medford, OR",223259,1 
"32820","05","AR","Memphis, TN-MS-AR",48163,0.0358 
"32820","28","MS","Memphis, TN-MS-AR",264558,0.1966 
"32820","47","TN","Memphis, TN-MS-AR",1032704,0.7676 
"32860","55","WI","Menomonie, WI",45440,1 
"32900","06","CA","Merced, CA",281202,1 
"32940","28","MS","Meridian, MS",88599,1 
"33020","29","MO","Mexico, MO",24962,1 
"33060","40","OK","Miami, OK",30285,1 
"33100","12","FL","Miami-Fort Lauderdale-West Palm Beach, FL",6138333,1 
"33140","18","IN","Michigan City-La Porte, IN",112417,1 
"33180","21","KY","Middlesborough, KY",24097,1 
"33220","26","MI","Midland, MI",83494,1 
"33260","48","TX","Midland, TX",175220,1 
"33300","13","GA","Milledgeville, GA",43799,1 
"33340","55","WI","Milwaukee-Waukesha, WI",1574731,1 
"33380","22","LA","Minden, LA",36967,1 
"33420","48","TX","Mineral Wells, TX",28409,1 
"33460","27","MN","Minneapolis-St. Paul-Bloomington, MN-WI",3554513,0.9632 
"33460","55","WI","Minneapolis-St. Paul-Bloomington, MN-WI",135748,0.0368 
"33500","38","ND","Minot, ND",77546,1 
"33540","30","MT","Missoula, MT",122457,1 
"33580","46","SD","Mitchell, SD",25747,1 
"33620","29","MO","Moberly, MO",24716,1 
"33660","01","AL","Mobile, AL",414809,1 
"33700","06","CA","Modesto, CA",552878,1 
"33740","22","LA","Monroe, LA",227147,1 
"33780","26","MI","Monroe, MI",154809,1 
"33860","01","AL","Montgomery, AL",386047,1 
"33900","18","IN","Monticello, IN",24688,1 
"33910","36","NY","Monticello, NY",78624,1 
"33940","08","CO","Montrose, CO",42679,1 
"33980","37","NC","Morehead City, NC",67686,1 
"34020","22","LA","Morgan City, LA",49406,1 
"34060","54","WV","Morgantown, WV",140038,1 
"34100","47","TN","Morristown, TN",119182,1 
"34140","16","ID","Moscow, ID",39517,1 
"34180","53","WA","Moses Lake, WA",99123,1 
"34220","13","GA","Moultrie, GA",45898,1 
"34260","05","AR","Mountain Home, AR",41627,1 
"34300","16","ID","Mountain Home, ID",28666,1 
"34340","37","NC","Mount Airy, NC",71359,1 
"34380","26","MI","Mount Pleasant, MI",64394,1 
"34420","48","TX","Mount Pleasant, TX",55684,1 
"34460","21","KY","Mount Sterling, KY",46977,1 
"34500","17","IL","Mount Vernon, IL",37113,1 
"34540","39","OH","Mount Vernon, OH",62721,1 
"34580","53","WA","Mount Vernon-Anacortes, WA",129523,1 
"34620","18","IN","Muncie, IN",111903,1 
"34660","21","KY","Murray, KY",37103,1 
"34680","45","SC","Murrells Inlet, SC",63404,1 
"34700","19","IA","Muscatine, IA",43235,1 
"34740","26","MI","Muskegon-Norton Shores, MI",175824,1 
"34780","40","OK","Muskogee, OK",66339,1 
"34820","45","SC","Myrtle Beach-Conway-North Myrtle Beach, SC",351029,1 
"34860","48","TX","Nacogdoches, TX",64653,1 
"34880","25","MA","Nantucket, MA",14255,1 
"34900","06","CA","Napa, CA",138019,1 
"34940","12","FL","Naples-Marco Island, FL",375752,1 
"34980","47","TN","Nashville-Davidson--Murfreesboro--Franklin, TN",2014444,1 
"35020","22","LA","Natchez, MS-LA",18687,0.3368 
"35020","28","MS","Natchez, MS-LA",36798,0.6632 
"35060","22","LA","Natchitoches, LA",37515,1 
"35100","37","NC","New Bern, NC",122168,1 
"35140","45","SC","Newberry, SC",37719,1 
"35220","18","IN","New Castle, IN",48914,1 
"35340","22","LA","New Iberia, LA",69929,1 
"35380","22","LA","New Orleans-Metairie, LA",1007275,1 
"35420","39","OH","New Philadelphia-Dover, OH",93263,1 
"35440","41","OR","Newport, OR",50395,1 
"35460","47","TN","Newport, TN",35999,1 
"35580","27","MN","New Ulm, MN",25912,1 
"35620","34","NJ","New York-Newark-Jersey City, NY-NJ",6915597,0.3444 
"35620","36","NY","New York-Newark-Jersey City, NY-NJ",13166338,0.6556 
"35660","26","MI","Niles, MI",154316,1 
"35700","04","AZ","Nogales, AZ",47669,1 
"35740","31","NE","Norfolk, NE",48744,1 
"35820","31","NE","North Platte, NE",35392,1 
"35840","12","FL","North Port-Bradenton-Sarasota, FL",833716,1 
"35900","37","NC","North Wilkesboro, NC",65969,1 
"35940","39","OH","Norwalk, OH",58565,1 
"36020","53","WA","Oak Harbor, WA",86857,1 
"36100","12","FL","Ocala, FL",375908,1 
"36180","24","MD","Ocean Pines, MD",52460,1 
"36220","48","TX","Odessa, TX",165171,1 
"36260","49","UT","Ogden, UT",637197,1 
"36340","42","PA","Oil City, PA",50454,1 
"36380","12","FL","Okeechobee, FL",39644,1 
"36420","40","OK","Oklahoma City, OK",1425695,1 
"36460","36","NY","Olean, NY",77042,1 
"36500","53","WA","Olympia-Lacey-Tumwater, WA",294793,1 
"36540","19","IA","Omaha, NE-IA",122733,0.1268 
"36540","31","NE","Omaha, NE-IA",844871,0.8732 
"36580","36","NY","Oneonta, NY",58524,1 
"36620","16","ID","Ontario, OR-ID",25386,0.4457 
"36620","41","OR","Ontario, OR-ID",31571,0.5543 
"36660","22","LA","Opelousas, LA",82540,1 
"36700","45","SC","Orangeburg, SC",84223,1 
"36740","12","FL","Orlando-Kissimmee-Sanford, FL",2673376,1 
"36780","55","WI","Oshkosh-Neenah, WI",171730,1 
"36820","19","IA","Oskaloosa, IA",22190,1 
"36830","53","WA","Othello, WA",20613,1 
"36837","17","IL","Ottawa, IL",148539,1 
"36840","20","KS","Ottawa, KS",25996,1 
"36900","19","IA","Ottumwa, IA",35437,1 
"36940","27","MN","Owatonna, MN",37406,1 
"36980","21","KY","Owensboro, KY",112464,1 
"37020","26","MI","Owosso, MI",68094,1 
"37060","28","MS","Oxford, MS",68294,1 
"37100","06","CA","Oxnard-Thousand Oaks-Ventura, CA",843843,1 
"37120","01","AL","Ozark, AL",49326,1 
"37140","17","IL","Paducah, KY-IL",14169,0.1369 
"37140","21","KY","Paducah, KY-IL",89317,0.8631 
"37220","32","NV","Pahrump, NV",51591,1 
"37260","12","FL","Palatka, FL",73321,1 
"37300","48","TX","Palestine, TX",57922,1 
"37340","12","FL","Palm Bay-Melbourne-Titusville, FL",606612,1 
"37420","48","TX","Pampa, TX",22054,1 
"37460","12","FL","Panama City-Panama City Beach, FL",200534,1 
"37500","05","AR","Paragould, AR",45736,1 
"37540","47","TN","Paris, TN",32199,1 
"37580","48","TX","Paris, TX",61675,1 
"37620","54","WV","Parkersburg-Vienna, WV",89490,1 
"37740","04","AZ","Payson, AZ",53272,1 
"37800","19","IA","Pella, IA",33414,1 
"37860","12","FL","Pensacola-Ferry Pass-Brent, FL",509905,1 
"37900","17","IL","Peoria, IL",368782,1 
"37940","18","IN","Peru, IN",35962,1 
"37950","26","MI","Petoskey, MI",34112,1 
"37980","10","DE","Philadelphia-Camden-Wilmington, PA-NJ-DE-MD",570719,0.0914 
"37980","24","MD","Philadelphia-Camden-Wilmington, PA-NJ-DE-MD",103725,0.0166 
"37980","34","NJ","Philadelphia-Camden-Wilmington, PA-NJ-DE-MD",1352476,0.2166 
"37980","42","PA","Philadelphia-Camden-Wilmington, PA-NJ-DE-MD",4218131,0.6754 
"38060","04","AZ","Phoenix-Mesa-Chandler, AZ",4845832,1 
"38100","28","MS","Picayune, MS",56145,1 
"38180","46","SD","Pierre, SD",20745,1 
"38210","21","KY","Pikeville, KY",94611,1 
"38220","05","AR","Pine Bluff, AR",74810,1 
"38240","37","NC","Pinehurst-Southern Pines, NC",99727,1 
"38260","20","KS","Pittsburg, KS",38972,1 
"38300","42","PA","Pittsburgh, PA",2457000,1 
"38340","25","MA","Pittsfield, MA",129026,1 
"38380","48","TX","Plainview, TX",37924,1 
"38420","55","WI","Platteville, WI",51938,1 
"38460","36","NY","Plattsburgh, NY",79843,1 
"38500","18","IN","Plymouth, IN",46095,1 
"38540","16","ID","Pocatello, ID",87018,1 
"38620","40","OK","Ponca City, OK",43700,1 
"38660","72","PR","Ponce, PR",278477,1 
"38700","17","IL","Pontiac, IL",35815,1 
"38740","29","MO","Poplar Bluff, MO",42130,1 
"38820","53","WA","Port Angeles, WA",77155,1 
"38860","23","ME","Portland-South Portland, ME",551740,1 
"38900","41","OR","Portland-Vancouver-Hillsboro, OR-WA",1997512,0.7949 
"38900","53","WA","Portland-Vancouver-Hillsboro, OR-WA",515347,0.2051 
"38920","48","TX","Port Lavaca, TX",20106,1 
"38940","12","FL","Port St. Lucie, FL",487657,1 
"39020","39","OH","Portsmouth, OH",74008,1 
"39040","53","WA","Port Townsend, WA",32977,1 
"39060","42","PA","Pottsville, PA",143049,1 
"39150","04","AZ","Prescott Valley-Prescott, AZ",236209,1 
"39220","49","UT","Price, UT",20412,1 
"39300","25","MA","Providence-Warwick, RI-MA",579200,0.3455 
"39300","44","RI","Providence-Warwick, RI-MA",1097379,0.6545 
"39340","49","UT","Provo-Orem-Lehi, UT",671185,1 
"39380","08","CO","Pueblo, CO",168162,1 
"39420","53","WA","Pullman, WA",47973,1 
"39460","12","FL","Punta Gorda, FL",186847,1 
"39500","17","IL","Quincy, IL-MO",65737,0.8676 
"39500","29","MO","Quincy, IL-MO",10032,0.1324 
"39540","55","WI","Racine-Mount Pleasant, WI",197727,1 
"39580","37","NC","Raleigh-Cary, NC",1413982,1 
"39660","46","SD","Rapid City, SD",147392,1 
"39700","48","TX","Raymondville, TX",20164,1 
"39740","42","PA","Reading, PA",428849,1 
"39780","06","CA","Red Bluff, CA",65829,1 
"39820","06","CA","Redding, CA",182155,1 
"39860","27","MN","Red Wing, MN",47582,1 
"39900","32","NV","Reno, NV",549831,1 
"39940","16","ID","Rexburg, ID",66301,1 
"39960","55","WI","Rice Lake, WI",46711,1 
"39980","18","IN","Richmond, IN",66553,1 
"40060","51","VA","Richmond, VA",1314434,1 
"40080","21","KY","Richmond-Berea, KY",122901,1 
"40090","08","CO","Rifle, CO",79043,1 
"40100","48","TX","Rio Grande City-Roma, TX",65920,1 
"40140","06","CA","Riverside-San Bernardino-Ontario, CA",4599839,1 
"40180","56","WY","Riverton, WY",39234,1 
"40220","51","VA","Roanoke, VA",315251,1 
"40260","37","NC","Roanoke Rapids, NC",66093,1 
"40300","17","IL","Rochelle, IL",51788,1 
"40340","27","MN","Rochester, MN",226329,1 
"40380","36","NY","Rochester, NY",1065361,1 
"40420","17","IL","Rockford, IL",338798,1 
"40460","37","NC","Rockingham, NC",42946,1 
"40540","56","WY","Rock Springs, WY",42272,1 
"40580","37","NC","Rocky Mount, NC",143870,1 
"40620","29","MO","Rolla, MO",44638,1 
"40660","13","GA","Rome, GA",98584,1 
"40700","41","OR","Roseburg, OR",111201,1 
"40740","35","NM","Roswell, NM",65157,1 
"40760","35","NM","Ruidoso, NM",20269,1 
"40770","01","AL","Russellville, AL",32113,1 
"40780","05","AR","Russellville, AR",83644,1 
"40820","22","LA","Ruston, LA",48396,1 
"40860","50","VT","Rutland, VT",60572,1 
"40900","06","CA","Sacramento-Roseville-Folsom, CA",2397382,1 
"40940","04","AZ","Safford, AZ",38533,1 
"40980","26","MI","Saginaw, MI",190124,1 
"41060","27","MN","St. Cloud, MN",199671,1 
"41100","49","UT","St. George, UT",180279,1 
"41140","20","KS","St. Joseph, MO-KS",7510,0.0618 
"41140","29","MO","St. Joseph, MO-KS",113957,0.9382 
"41180","17","IL","St. Louis, MO-IL",682761,0.2421 
"41180","29","MO","St. Louis, MO-IL",2137492,0.7579 
"41260","42","PA","St. Marys, PA",30990,1 
"41400","39","OH","Salem, OH",101877,1 
"41420","41","OR","Salem, OR",433353,1 
"41460","20","KS","Salina, KS",60038,1 
"41500","06","CA","Salinas, CA",439035,1 
"41540","24","MD","Salisbury, MD",128208,1 
"41620","49","UT","Salt Lake City-Murray, UT",1257936,1 
"41660","48","TX","San Angelo, TX",121516,1 
"41700","48","TX","San Antonio-New Braunfels, TX",2558143,1 
"41740","06","CA","San Diego-Chula Vista-Carlsbad, CA",3298634,1 
"41760","16","ID","Sandpoint, ID",47110,1 
"41780","39","OH","Sandusky, OH",115986,1 
"41820","37","NC","Sanford, NC",63285,1 
"41860","06","CA","San Francisco-Oakland-Fremont, CA",4749008,1 
"41940","06","CA","San Jose-Sunnyvale-Santa Clara, CA",2000468,1 
"41980","72","PR","San Juan-Bayam�n-Caguas, PR",2081265,1 
"42020","06","CA","San Luis Obispo-Paso Robles, CA",282424,1 
"42100","06","CA","Santa Cruz-Watsonville, CA",270861,1 
"42140","35","NM","Santa Fe, NM",154823,1 
"42200","06","CA","Santa Maria-Santa Barbara, CA",448229,1 
"42220","06","CA","Santa Rosa-Petaluma, CA",488863,1 
"42300","26","MI","Sault Ste. Marie, MI",36785,1 
"42340","13","GA","Savannah, GA",404798,1 
"42380","42","PA","Sayre, PA",59967,1 
"42420","31","NE","Scottsbluff, NE",36758,1 
"42460","01","AL","Scottsboro, AL",52579,1 
"42540","42","PA","Scranton--Wilkes-Barre, PA",567559,1 
"42580","10","DE","Seaford, DE",237378,1 
"42620","05","AR","Searcy, AR",76822,1 
"42660","53","WA","Seattle-Tacoma-Bellevue, WA",4018762,1 
"42680","12","FL","Sebastian-Vero Beach-West Vero Corridor, FL",159788,1 
"42700","12","FL","Sebring, FL",101235,1 
"42740","29","MO","Sedalia, MO",42980,1 
"42780","42","PA","Selinsgrove, PA",39736,1 
"42820","01","AL","Selma, AL",38462,1 
"42860","45","SC","Seneca, SC",78607,1 
"42900","36","NY","Seneca Falls, NY",33814,1 
"42940","47","TN","Sevierville, TN",98380,1 
"42980","18","IN","Seymour, IN",46428,1 
"43020","55","WI","Shawano, WI",45136,1 
"43060","40","OK","Shawnee, OK",72454,1 
"43100","55","WI","Sheboygan, WI",118034,1 
"43140","37","NC","Shelby-Kings Mountain, NC",99519,1 
"43180","47","TN","Shelbyville, TN",50237,1 
"43220","53","WA","Shelton, WA",65726,1 
"43260","56","WY","Sheridan, WY",30921,1 
"43300","48","TX","Sherman-Denison, TX",135543,1 
"43320","04","AZ","Show Low, AZ",106717,1 
"43340","22","LA","Shreveport-Bossier City, LA",393406,1 
"43380","39","OH","Sidney, OH",48230,1 
"43420","04","AZ","Sierra Vista-Douglas, AZ",125447,1 
"43460","29","MO","Sikeston, MO",50636,1 
"43500","35","NM","Silver City, NM",28185,1 
"43580","19","IA","Sioux City, IA-NE-SD",105941,0.734 
"43580","31","NE","Sioux City, IA-NE-SD",21582,0.1495 
"43580","46","SD","Sioux City, IA-NE-SD",16811,0.1165 
"43620","27","MN","Sioux Falls, SD-MN",9704,0.0339 
"43620","46","SD","Sioux Falls, SD-MN",276730,0.9661 
"43640","22","LA","Slidell-Mandeville-Covington, LA",264570,1 
"43660","48","TX","Snyder, TX",16932,1 
"43700","21","KY","Somerset, KY",65034,1 
"43740","42","PA","Somerset, PA",74129,1 
"43760","06","CA","Sonora, CA",55620,1 
"43780","18","IN","South Bend-Mishawaka, IN-MI",272912,0.841 
"43780","26","MI","South Bend-Mishawaka, IN-MI",51589,0.159 
"43890","55","WI","Sparta, WI",46274,1 
"43900","45","SC","Spartanburg, SC",355241,1 
"43940","46","SD","Spearfish, SD",25768,1 
"43980","19","IA","Spencer, IA",16384,1 
"44020","19","IA","Spirit Lake, IA",17703,1 
"44060","53","WA","Spokane-Spokane Valley, WA",585784,1 
"44100","17","IL","Springfield, IL",208640,1 
"44140","25","MA","Springfield, MA",465825,1 
"44180","29","MO","Springfield, MO",475432,1 
"44220","39","OH","Springfield, OH",136001,1 
"44260","28","MS","Starkville, MS",61714,1 
"44300","42","PA","State College, PA",158172,1 
"44340","13","GA","Statesboro, GA",91873,1 
"44420","51","VA","Staunton-Stuarts Draft, VA",125433,1 
"44460","08","CO","Steamboat Springs, CO",38121,1 
"44500","48","TX","Stephenville, TX",42545,1 
"44540","08","CO","Sterling, CO",21528,1 
"44580","17","IL","Sterling, IL",55691,1 
"44620","55","WI","Stevens Point-Plover, WI",70377,1 
"44660","40","OK","Stillwater, OK",81646,1 
"44700","06","CA","Stockton-Lodi, CA",779233,1 
"44740","19","IA","Storm Lake, IA",20823,1 
"44780","26","MI","Sturgis, MI",60939,1 
"44860","48","TX","Sulphur Springs, TX",36787,1 
"44900","13","GA","Summerville, GA",24965,1 
"44940","45","SC","Sumter, SC",105556,1 
"44980","42","PA","Sunbury, PA",109783,1 
"45000","06","CA","Susanville, CA",32730,1 
"45020","48","TX","Sweetwater, TX",14738,1 
"45060","36","NY","Syracuse, NY",662057,1 
"45140","40","OK","Tahlequah, OK",47078,1 
"45180","01","AL","Talladega-Sylacauga, AL",92536,1 
"45220","12","FL","Tallahassee, FL",384298,1 
"45300","12","FL","Tampa-St. Petersburg-Clearwater, FL",3175275,1 
"45340","35","NM","Taos, NM",34489,1 
"45380","17","IL","Taylorville, IL",34032,1 
"45460","18","IN","Terre Haute, IN",168875,1 
"45500","05","AR","Texarkana, TX-AR",54626,0.3703 
"45500","48","TX","Texarkana, TX-AR",92893,0.6297 
"45520","41","OR","The Dalles, OR",26670,1 
"45580","13","GA","Thomaston, GA",27700,1 
"45620","13","GA","Thomasville, GA",72034,1 
"45660","39","OH","Tiffin, OH",55069,1 
"45700","13","GA","Tifton, GA",50350,1 
"45740","13","GA","Toccoa, GA",26784,1 
"45780","39","OH","Toledo, OH",606240,1 
"45820","20","KS","Topeka, KS",233152,1 
"45880","48","TX","Town of Pecos, TX",14748,1 
"45900","26","MI","Traverse City, MI",153448,1 
"45940","34","NJ","Trenton-Princeton, NJ",387340,1 
"45980","01","AL","Troy, AL",33009,1 
"46020","06","CA","Truckee-Grass Valley, CA",102241,1 
"46060","04","AZ","Tucson, AZ",1043433,1 
"46100","47","TN","Tullahoma-Manchester, TN",64350,1 
"46140","40","OK","Tulsa, OK",1015331,1 
"46180","28","MS","Tupelo, MS",132214,1 
"46220","01","AL","Tuscaloosa, AL",268674,1 
"46300","16","ID","Twin Falls, ID",114283,1 
"46340","48","TX","Tyler, TX",233479,1 
"46380","06","CA","Ukiah, CA",91601,1 
"46460","47","TN","Union City, TN",30787,1 
"46500","39","OH","Urbana, OH",38714,1 
"46520","15","HI","Urban Honolulu, HI",1016508,1 
"46540","36","NY","Utica-Rome, NY",292264,1 
"46580","72","PR","Utuado, PR",28287,1 
"46620","48","TX","Uvalde, TX",24564,1 
"46660","13","GA","Valdosta, GA",148126,1 
"46700","06","CA","Vallejo, CA",453491,1 
"46780","39","OH","Van Wert, OH",28931,1 
"46820","46","SD","Vermillion, SD",14967,1 
"46860","49","UT","Vernal, UT",35620,1 
"46900","48","TX","Vernon, TX",12887,1 
"46980","28","MS","Vicksburg, MS",44722,1 
"47020","48","TX","Victoria, TX",98331,1 
"47080","13","GA","Vidalia, GA",35640,1 
"47180","18","IN","Vincennes, IN",36282,1 
"47220","34","NJ","Vineland, NJ",154152,1 
"47240","25","MA","Vineyard Haven, MA",20600,1 
"47260","37","NC","Virginia Beach-Chesapeake-Norfolk, VA-NC",48933,0.0275 
"47260","51","VA","Virginia Beach-Chesapeake-Norfolk, VA-NC",1731126,0.9725 
"47300","06","CA","Visalia, CA",473117,1 
"47340","18","IN","Wabash, IN",30976,1 
"47380","48","TX","Waco, TX",295782,1 
"47420","27","MN","Wahpeton, ND-MN",6506,0.2824 
"47420","38","ND","Wahpeton, ND-MN",16529,0.7176 
"47460","53","WA","Walla Walla, WA",62584,1 
"47540","39","OH","Wapakoneta, OH",46422,1 
"47580","13","GA","Warner Robins, GA",191614,1 
"47620","42","PA","Warren, PA",38587,1 
"47660","29","MO","Warrensburg, MO",54013,1 
"47700","18","IN","Warsaw, IN",80240,1 
"47780","18","IN","Washington, IN",33381,1 
"47820","37","NC","Washington, NC",44652,1 
"47900","11","DC","Washington-Arlington-Alexandria, DC-VA-MD-WV",689545,0.1098 
"47900","24","MD","Washington-Arlington-Alexandria, DC-VA-MD-WV",2467596,0.393 
"47900","51","VA","Washington-Arlington-Alexandria, DC-VA-MD-WV",3063700,0.488 
"47900","54","WV","Washington-Arlington-Alexandria, DC-VA-MD-WV",57701,0.0092 
"47920","39","OH","Washington Court House, OH",28951,1 
"47940","19","IA","Waterloo-Cedar Falls, IA",168461,1 
"47980","46","SD","Watertown, SD",28325,1 
"48020","55","WI","Watertown-Fort Atkinson, WI",84900,1 
"48060","36","NY","Watertown-Fort Drum, NY",116721,1 
"48140","55","WI","Wausau, WI",138013,1 
"48180","13","GA","Waycross, GA",55967,1 
"48200","37","NC","Waynesville, NC",62089,1 
"48220","40","OK","Weatherford, OK",39437,1 
"48260","39","OH","Weirton-Steubenville, WV-OH",65249,0.5581 
"48260","54","WV","Weirton-Steubenville, WV-OH",51654,0.4419 
"48300","53","WA","Wenatchee-East Wenatchee, WA",122012,1 
"48460","29","MO","West Plains, MO",39750,1 
"48540","39","OH","Wheeling, WV-OH",66497,0.4766 
"48540","54","WV","Wheeling, WV-OH",73016,0.5234 
"48580","55","WI","Whitewater-Elkhorn, WI",106478,1 
"48620","20","KS","Wichita, KS",647610,1 
"48660","48","TX","Wichita Falls, TX",148128,1 
"48680","12","FL","Wildwood-The Villages, FL",129752,1 
"48700","42","PA","Williamsport, PA",114188,1 
"48780","38","ND","Williston, ND",40950,1 
"48820","27","MN","Willmar, MN",43732,1 
"48900","37","NC","Wilmington, NC",422598,1 
"48940","39","OH","Wilmington, OH",42018,1 
"48980","37","NC","Wilson, NC",78784,1 
"49010","47","TN","Winchester, TN",42774,1 
"49020","51","VA","Winchester, VA-WV",119539,0.8381 
"49020","54","WV","Winchester, VA-WV",23093,0.1619 
"49080","32","NV","Winnemucca, NV",17285,1 
"49100","27","MN","Winona, MN",49671,1 
"49180","37","NC","Winston-Salem, NC",675966,1 
"49220","55","WI","Wisconsin Rapids-Marshfield, WI",74207,1 
"49260","40","OK","Woodward, OK",20470,1 
"49300","39","OH","Wooster, OH",116894,1 
"49340","25","MA","Worcester, MA",862111,1 
"49380","27","MN","Worthington, MN",22290,1 
"49420","53","WA","Yakima, WA",256728,1 
"49460","46","SD","Yankton, SD",23310,1 
"49620","42","PA","York-Hanover, PA",456438,1 
"49660","39","OH","Youngstown-Warren, OH",430591,1 
"49700","06","CA","Yuba City, CA",181208,1 
"49740","04","AZ","Yuma, AZ",203881,1 
"49780","39","OH","Zanesville, OH",86410,1 
"49820","48","TX","Zapata, TX",13889,1 
"99999","01","AL","[not in any CBSA]",409621,0.019 
"99999","02","AK","[not in any CBSA]",193205,0.009 
"99999","04","AZ","[not in any CBSA]",92141,0.0043 
"99999","05","AR","[not in any CBSA]",578991,0.0269 
"99999","06","CA","[not in any CBSA]",258762,0.012 
"99999","08","CO","[not in any CBSA]",275501,0.0128 
"99999","09","CT","[not in any CBSA]",3607033,0.1674 
"99999","12","FL","[not in any CBSA]",307241,0.0143 
"99999","13","GA","[not in any CBSA]",722033,0.0335 
"99999","16","ID","[not in any CBSA]",140102,0.0065 
"99999","17","IL","[not in any CBSA]",620682,0.0288 
"99999","18","IN","[not in any CBSA]",456355,0.0212 
"99999","19","IA","[not in any CBSA]",750399,0.0348 
"99999","20","KS","[not in any CBSA]",420721,0.0195 
"99999","21","KY","[not in any CBSA]",798289,0.0371 
"99999","22","LA","[not in any CBSA]",313745,0.0146 
"99999","23","ME","[not in any CBSA]",423639,0.0197 
"99999","24","MD","[not in any CBSA]",81297,0.0038 
"99999","26","MI","[not in any CBSA]",705005,0.0327 
"99999","27","MN","[not in any CBSA]",486034,0.0226 
"99999","28","MS","[not in any CBSA]",574400,0.0267 
"99999","29","MO","[not in any CBSA]",817987,0.038 
"99999","30","MT","[not in any CBSA]",344905,0.016 
"99999","31","NE","[not in any CBSA]",329673,0.0153 
"99999","32","NV","[not in any CBSA]",31246,0.0015 
"99999","33","NH","[not in any CBSA]",81375,0.0038 
"99999","35","NM","[not in any CBSA]",95119,0.0044 
"99999","36","NY","[not in any CBSA]",385743,0.0179 
"99999","37","NC","[not in any CBSA]",693724,0.0322 
"99999","38","ND","[not in any CBSA]",192469,0.0089 
"99999","39","OH","[not in any CBSA]",477169,0.0222 
"99999","40","OK","[not in any CBSA]",548349,0.0255 
"99999","41","OR","[not in any CBSA]",62985,0.0029 
"99999","42","PA","[not in any CBSA]",367719,0.0171 
"99999","45","SC","[not in any CBSA]",314746,0.0146 
"99999","46","SD","[not in any CBSA]",211061,0.0098 
"99999","47","TN","[not in any CBSA]",549935,0.0255 
"99999","48","TX","[not in any CBSA]",1296350,0.0602 
"99999","49","UT","[not in any CBSA]",141223,0.0066 
"99999","50","VT","[not in any CBSA]",126854,0.0059 
"99999","51","VA","[not in any CBSA]",824431,0.0383 
"99999","53","WA","[not in any CBSA]",148107,0.0069 
"99999","54","WV","[not in any CBSA]",441956,0.0205 
"99999","55","WI","[not in any CBSA]",646323,0.03 
"99999","56","WY","[not in any CBSA]",126460,0.0059 
"99999","72","PR","[not in any CBSA]",70256,0.0033 
