state_name,metro,geo_name,federal_workers,margin_of_error,share_of_employment
South Dakota,10100,"Aberdeen, SD",335,331,0.015263349735739019
Washington,10140,"Aberdeen, WA",585,404,0.01925355450236967
Texas,10180,"Abilene, TX",2049,906,0.02586859913140087
Oklahoma,10220,"Ada, OK",2791,632,0.15229728254938338
Michigan,10300,"Adrian, MI",974,541,0.021424015133185228
Puerto Rico,10380,"Aguadilla, PR",1175,687,0.013605048341341979
Ohio,10420,"Akron, OH",4815,1211,0.013411733247171419
New Mexico,10460,"Alamogordo, NM",1893,681,0.06691646929902081
NA,10480,"Alamosa, CO",397,302,0.030606738108087273
Georgia,10500,"Albany, GA",3283,1070,0.05470937208372217
Oregon,10540,"Albany, OR",869,603,0.014162089926826486
New York,10580,"Albany-Schenectady-Troy, NY",12721,2063,0.027822918420954783
North Carolina,10620,"Albemarle, NC",575,445,0.019525280994261266
Minnesota,10660,"Albert Lea, MN",187,176,0.011960345378957467
Alabama,10700,"Albertville, AL",1654,683,0.03731781056811516
New Mexico,10740,"Albuquerque, NM",29902,3304,0.06769048276611446
Alabama,10760,"Alexander City, AL",181,259,0.009693139827558508
Louisiana,10780,"Alexandria, LA",3087,938,0.05058665443104352
Minnesota,10820,"Alexandria, MN",133,106,0.006551078711456999
Texas,10860,"Alice, TX",96,129,0.005466659074084619
New Jersey,10900,"Allentown-Bethlehem-Easton, PA-NJ",5620,1260,0.012900797002974989
Pennsylvania,10900,"Allentown-Bethlehem-Easton, PA-NJ",5620,1260,0.012900797002974989
Michigan,10940,"Alma, MI",66,59,0.0036709494410145167
Michigan,10980,"Alpena, MI",502,436,0.04199079882894186
Pennsylvania,11020,"Altoona, PA",1388,493,0.02477244333392825
Oklahoma,11060,"Altus, OK",1377,499,0.12890844411158958
Texas,11100,"Amarillo, TX",7720,2384,0.056591602158104624
Georgia,11140,"Americus, GA",386,378,0.026489157287949493
Iowa,11180,"Ames, IA",1424,687,0.02116748175345235
NA,11200,"Amherst Town-Northampton, MA",1418,700,0.016566388223611193
New York,11220,"Amsterdam, NY",372,296,0.015151515151515152
Alaska,11260,"Anchorage, AK",14530,2716,0.07423074368681064
NA,11360,"Anderson Creek, NC",3141,979,0.05696099232903542
Indiana,11420,"Angola, IN",290,376,0.01642687209697519
Michigan,11460,"Ann Arbor, MI",2149,630,0.011388869751395123
Alabama,11500,"Anniston-Oxford, AL",1545,641,0.0312310491206792
Wisconsin,11540,"Appleton, WI",1617,561,0.01225185634186998
Florida,11580,"Arcadia, FL",95,147,0.006673222815397584
Oklahoma,11620,"Ardmore, OK",624,236,0.028623853211009173
Puerto Rico,11640,"Arecibo, PR",1079,910,0.018090064715152735
Arkansas,11660,"Arkadelphia, AR",169,234,0.017502071251035624
NA,11680,"Arkansas City-Winfield, KS",131,143,0.008427146992602124
North Carolina,11700,"Asheville, NC",4121,1101,0.02094099831801251
Ohio,11740,"Ashland, OH",88,106,0.0035604466742191294
Oregon,11820,"Astoria, OR",345,373,0.017741437827830917
Ohio,11900,"Athens, OH",541,518,0.01850015388298054
Tennessee,11940,"Athens, TN",753,518,0.02647120860577937
Texas,11980,"Athens, TX",555,419,0.014838778674937169
Georgia,12020,"Athens-Clarke County, GA",2640,789,0.02382133995037221
Georgia,12060,"Atlanta-Sandy Springs-Roswell, GA",78739,6499,0.024073521480555662
New Jersey,12100,"Atlantic City-Hammonton, NJ",3392,969,0.018878530680395158
Indiana,12140,"Auburn, IN",581,483,0.025795853127913687
New York,12180,"Auburn, NY",493,284,0.013875207565224734
Alabama,12220,"Auburn-Opelika, AL",3095,1105,0.03316474143288828
Georgia,12260,"Augusta-Richmond County, GA-SC",16824,2461,0.060286597842095266
South Carolina,12260,"Augusta-Richmond County, GA-SC",16824,2461,0.060286597842095266
Maine,12300,"Augusta-Waterville, ME",2473,1065,0.03991993413937271
Minnesota,12380,"Austin, MN",258,260,0.013255240443896425
Texas,12420,"Austin-Round Rock-San Marcos, TX",25530,3195,0.01847302670376226
Georgia,12460,"Bainbridge, GA",0,226,0
California,12540,"Bakersfield-Delano, CA",11111,1967,0.029247709223386584
Maryland,12580,"Baltimore-Columbia-Towson, MD",112325,5879,0.07717968626534832
Maine,12620,"Bangor, ME",1061,435,0.014115987919588095
Wisconsin,12660,"Baraboo, WI",371,153,0.010489708210812033
Massachusetts,12700,"Barnstable Town, MA",2682,1030,0.023606037935131805
Vermont,12740,"Barre, VT",785,468,0.024473126324978178
Oklahoma,12780,"Bartlesville, OK",916,515,0.04097883952936966
New York,12860,"Batavia, NY",916,431,0.03172733885213536
Arkansas,12900,"Batesville, AR",216,239,0.011760222137529265
Louisiana,12940,"Baton Rouge, LA",5370,1435,0.01323344587101703
Michigan,12980,"Battle Creek, MI",1667,575,0.027374090677701694
Michigan,13020,"Bay City, MI",627,269,0.013481261691285558
Texas,13060,"Bay City, TX",864,933,0.053201970443349754
Nebraska,13100,"Beatrice, NE",184,169,0.017086080416008915
Texas,13140,"Beaumont-Port Arthur, TX",3003,1224,0.017593710087529146
Wisconsin,13180,"Beaver Dam, WI",680,458,0.015007062146892656
West Virginia,13220,"Beckley, WV",2438,973,0.05661998653010985
Indiana,13260,"Bedford, IN",1379,533,0.06210312992569241
Texas,13300,"Beeville, TX",260,275,0.023688046647230322
Ohio,13340,"Bellefontaine, OH",185,190,0.007941277472527472
Washington,13380,"Bellingham, WA",2749,883,0.02337366402802459
Minnesota,13420,"Bemidji, MN",874,384,0.039790575916230364
Oregon,13460,"Bend, OR",2229,934,0.016947477266506493
Vermont,13540,"Bennington, VT",290,229,0.016129929362033484
Michigan,13660,"Big Rapids, MI",592,360,0.03246147940999068
Texas,13700,"Big Spring, TX",1002,490,0.08120593240943351
Montana,13740,"Billings, MT",2652,793,0.027152378904690237
New York,13780,"Binghamton, NY",1302,679,0.011891388333287668
Alabama,13820,"Birmingham, AL",13048,2158,0.023405575865421527
North Dakota,13900,"Bismarck, ND",2989,1075,0.041921458625525945
Idaho,13940,"Blackfoot, ID",1886,638,0.08852382069936635
Virginia,13980,"Blacksburg-Christiansburg-Radford, VA",1381,512,0.016474602152076922
Illinois,14010,"Bloomington, IL",647,458,0.0072468637992831545
Indiana,14020,"Bloomington, IN",2933,1166,0.03655830881986339
Pennsylvania,14100,"Bloomsburg-Berwick, PA",236,147,0.007103726446330744
Virginia,14140,"Bluefield, WV-VA",411,263,0.011570620196503477
West Virginia,14140,"Bluefield, WV-VA",411,263,0.011570620196503477
Arkansas,14180,"Blytheville, AR",330,326,0.020163754124404253
Louisiana,14220,"Bogalusa, LA",321,349,0.021324652893111008
Idaho,14260,"Boise City, ID",8704,1615,0.020908501285161786
Texas,14300,"Bonham, TX",916,574,0.05464741677604105
North Carolina,14380,"Boone, NC",303,338,0.010543898110449942
Massachusetts,14460,"Boston-Cambridge-Newton, MA-NH",50583,3777,0.018625512787987
New Hampshire,14460,"Boston-Cambridge-Newton, MA-NH",50583,3777,0.018625512787987
Colorado,14500,"Boulder, CO",2687,817,0.015056342210990514
Kentucky,14540,"Bowling Green, KY",1645,738,0.017194702568230042
Montana,14580,"Bozeman, MT",1832,919,0.024246595285678362
Pennsylvania,14620,"Bradford, PA",764,457,0.04435413642960813
Minnesota,14660,"Brainerd, MN",468,198,0.009969962293091328
Missouri,14700,"Branson, MO",405,302,0.014629388816644993
NA,14710,"Brattleboro, VT",292,233,0.012345679012345678
Colorado,14720,"Breckenridge, CO",432,347,0.017806355879807098
Washington,14740,"Bremerton-Silverdale-Port Orchard, WA",18482,2460,0.14572147187990317
Texas,14780,"Brenham, TX",136,180,0.00808945990958839
North Carolina,14820,"Brevard, NC",308,298,0.0205799812909261
Connecticut,14860,"Bridgeport-Stamford-Danbury, CT",6118,1765,0.012222286594441037
NA,14940,"Brigham City, UT-ID",852,375,0.026858331757140155
Mississippi,15020,"Brookhaven, MS",71,113,0.005053740479749449
Oregon,15060,"Brookings, OR",155,201,0.024420986292736726
South Dakota,15100,"Brookings, SD",161,164,0.008067344791301298
Texas,15180,"Brownsville-Harlingen, TX",5702,1429,0.031348789646432715
Texas,15220,"Brownwood, TX",320,262,0.0179061048626266
Georgia,15260,"Brunswick-St. Simons, GA",2883,1119,0.05895584957362835
Ohio,15340,"Bucyrus, OH",0,208,0
New York,15380,"Buffalo-Cheektowaga, NY",14537,2020,0.02545741744770871
Idaho,15420,"Burley, ID",366,265,0.017954378219278883
Illinois,15460,"Burlington, IA-IL",511,367,0.02396698091083908
Iowa,15460,"Burlington, IA-IL",511,367,0.02396698091083908
North Carolina,15500,"Burlington, NC",547,352,0.006087856562531302
Vermont,15540,"Burlington-South Burlington, VT",3587,894,0.027437391956185844
Montana,15580,"Butte-Silver Bow, MT",904,538,0.054543260528538674
Michigan,15620,"Cadillac, MI",580,406,0.025978679566424797
Georgia,15660,"Calhoun, GA",412,576,0.014785042704370917
Maryland,15700,"Cambridge, MD",303,223,0.01952697041953986
Ohio,15740,"Cambridge, OH",177,223,0.010557709513868177
Arkansas,15780,"Camden, AR",347,207,0.03129509379509379
Kentucky,15820,"Campbellsville, KY",173,174,0.010790918163672655
Colorado,15860,"Cañon City, CO",669,450,0.03917091164588091
NA,15900,"Canton, IL",173,119,0.01219770147359515
Ohio,15940,"Canton-Massillon, OH",2894,957,0.01503728144241511
Florida,15980,"Cape Coral-Fort Myers, FL",6539,1562,0.018079667769860953
Illinois,16020,"Cape Girardeau, MO-IL",1159,641,0.02287891349836156
Missouri,16020,"Cape Girardeau, MO-IL",1159,641,0.02287891349836156
Illinois,16060,"Carbondale, IL",284,197,0.013034099775115883
New Mexico,16100,"Carlsbad-Artesia, NM",1952,1136,0.07564132372316515
Iowa,16140,"Carroll, IA",18,23,0.0018068660911463562
Nevada,16180,"Carson City, NV",867,536,0.030333776502694004
Wyoming,16220,"Casper, WY",987,562,0.024782182941220778
Utah,16260,"Cedar City, UT",638,365,0.020396419437340153
Iowa,16300,"Cedar Rapids, IA",2297,720,0.016179930405871828
Georgia,16340,"Cedartown, GA",29,58,0.001855762462404812
Ohio,16380,"Celina, OH",492,376,0.022825330549756436
Illinois,16460,"Centralia, IL",68,73,0.0041720350941775565
Washington,16500,"Centralia, WA",938,665,0.026754898884737158
Pennsylvania,16540,"Chambersburg, PA",2857,1028,0.037734603040428985
Illinois,16580,"Champaign-Urbana, IL",1469,639,0.013026629658860148
West Virginia,16620,"Charleston, WV",2197,658,0.025520101290524923
Illinois,16660,"Charleston-Mattoon, IL",626,519,0.02812219227313567
South Carolina,16700,"Charleston-North Charleston, SC",16231,2754,0.03728059094020313
North Carolina,16740,"Charlotte-Concord-Gastonia, NC-SC",23301,3149,0.015839437146304574
South Carolina,16740,"Charlotte-Concord-Gastonia, NC-SC",23301,3149,0.015839437146304574
Virginia,16820,"Charlottesville, VA",3051,1031,0.02729566275407959
Georgia,16860,"Chattanooga, TN-GA",7739,1454,0.027379086609047587
Tennessee,16860,"Chattanooga, TN-GA",7739,1454,0.027379086609047587
Wyoming,16940,"Cheyenne, WY",3327,1030,0.07099114477755254
Illinois,16980,"Chicago-Naperville-Elgin, IL-IN",94231,6765,0.019664872228728647
Indiana,16980,"Chicago-Naperville-Elgin, IL-IN",94231,6765,0.019664872228728647
Wisconsin,16980,"Chicago-Naperville-Elgin, IL-IN",94231,6765,0.019664872228728647
California,17020,"Chico, CA",1741,690,0.018428740790922177
Ohio,17060,"Chillicothe, OH",1181,544,0.03805381021427421
Indiana,17140,"Cincinnati, OH-KY-IN",27654,3220,0.02398388932060391
Kentucky,17140,"Cincinnati, OH-KY-IN",27654,3220,0.02398388932060391
Ohio,17140,"Cincinnati, OH-KY-IN",27654,3220,0.02398388932060391
West Virginia,17220,"Clarksburg, WV",2967,947,0.07780866463862372
Mississippi,17260,"Clarksdale, MS",80,105,0.010351966873706004
Kentucky,17300,"Clarksville, TN-KY",8805,1888,0.06588497627991201
Tennessee,17300,"Clarksville, TN-KY",8805,1888,0.06588497627991201
California,17340,"Clearlake, CA",313,224,0.011812212242433392
Mississippi,17380,"Cleveland, MS",0,222,0
NA,17410,"Cleveland, OH",22994,2541,0.021340059990496554
Tennessee,17420,"Cleveland, TN",1485,588,0.024848981777413362
Florida,17500,"Clewiston, FL",151,184,0.006814694467009658
Iowa,17540,"Clinton, IA",389,294,0.016880017357344325
New Mexico,17580,"Clovis, NM",2381,1036,0.08855580763937962
Puerto Rico,17620,"Coamo, PR",253,235,0.012889749337680865
NA,17650,"Cody, WY",817,688,0.0541095436783893
Idaho,17660,"Coeur d'Alene, ID",2081,863,0.024313588035985514
Michigan,17740,"Coldwater, MI",379,225,0.01936538756323131
Texas,17780,"College Station-Bryan, TX",3345,1254,0.024450860714155184
Colorado,17820,"Colorado Springs, CO",22171,2760,0.059461836984828126
Missouri,17860,"Columbia, MO",2995,990,0.026354692807236763
South Carolina,17900,"Columbia, SC",14696,2424,0.03587864346696679
Alabama,17980,"Columbus, GA-AL",7729,1579,0.059113714932541986
Georgia,17980,"Columbus, GA-AL",7729,1579,0.059113714932541986
Indiana,18020,"Columbus, IN",415,356,0.009596041343908249
Mississippi,18060,"Columbus, MS",1436,1035,0.05552548140128374
Nebraska,18100,"Columbus, NE",284,261,0.012804905541277785
Ohio,18140,"Columbus, OH",19187,2393,0.016948688413375924
New Hampshire,18180,"Concord, NH",1661,567,0.019766749970248722
Indiana,18220,"Connersville, IN",150,212,0.013863216266173753
Tennessee,18260,"Cookeville, TN",1258,598,0.0186298610905429
Oregon,18300,"Coos Bay-North Bend, OR",496,301,0.018562874251497007
NA,18340,"Corbin, KY",1987,1024,0.03443614495416024
Mississippi,18420,"Corinth, MS",200,204,0.01327844907714779
Georgia,18460,"Cornelia, GA",32,41,0.0014267243301083418
New York,18500,"Corning, NY",469,184,0.011258882273862108
Texas,18580,"Corpus Christi, TX",7486,1829,0.03569010727056019
Texas,18620,"Corsicana, TX",364,339,0.01344364012409514
New York,18660,"Cortland, NY",555,333,0.025910364145658265
Oregon,18700,"Corvallis, OR",1407,688,0.028512949377862442
Ohio,18740,"Coshocton, OH",60,79,0.0038938282821727563
Indiana,18820,"Crawfordsville, IN",56,84,0.0029168185843012656
California,18860,"Crescent City, CA",416,298,0.03569283569283569
Florida,18880,"Crestview-Fort Walton Beach-Destin, FL",8465,1609,0.06324385305610138
Tennessee,18900,"Crossville, TN",361,313,0.014057632398753895
Alabama,18980,"Cullman, AL",1530,551,0.036777078025094945
Maryland,19060,"Cumberland, MD-WV",2068,879,0.053876615256356813
West Virginia,19060,"Cumberland, MD-WV",2068,879,0.053876615256356813
Texas,19100,"Dallas-Fort Worth-Arlington, TX",83811,5928,0.019775121726089636
Georgia,19140,"Dalton, GA",879,449,0.01239145144919364
Illinois,19180,"Danville, IL",1046,437,0.037401222869810846
Kentucky,19220,"Danville, KY",415,321,0.01777225814740268
Virginia,19260,"Danville, VA",1128,509,0.026837972876516774
Alabama,19300,"Daphne-Fairhope-Foley, AL",2138,1082,0.018497049815721627
Illinois,19340,"Davenport-Moline-Rock Island, IA-IL",8185,1599,0.04345748493456158
Iowa,19340,"Davenport-Moline-Rock Island, IA-IL",8185,1599,0.04345748493456158
Ohio,19430,"Dayton-Kettering-Beavercreek, OH",22525,2799,0.05741823159493955
Alabama,19460,"Decatur, AL",1799,757,0.02399178491411501
Illinois,19500,"Decatur, IL",275,231,0.006152538201669016
Indiana,19540,"Decatur, IN",239,214,0.015009734346542737
Ohio,19580,"Defiance, OH",185,287,0.009994057587380476
Texas,19620,"Del Rio, TX",3154,1139,0.16261084759744276
Florida,19660,"Deltona-Daytona Beach-Ormond Beach, FL",3355,1242,0.010499632278154192
Colorado,19740,"Denver-Aurora-Centennial, CO",42072,4392,0.024652077689904846
Louisiana,19760,"DeRidder, LA",737,283,0.05293019247342717
Iowa,19780,"Des Moines-West Des Moines, IA",7647,1407,0.019167767470190576
NA,19810,"Detroit Lakes, MN",390,156,0.024408561772437103
Michigan,19820,"Detroit-Warren-Dearborn, MI",37107,3298,0.017596346720157058
North Dakota,19860,"Dickinson, ND",555,531,0.028062901350053092
Illinois,19940,"Dixon, IL",535,459,0.03505668042723282
Kansas,19980,"Dodge City, KS",790,609,0.04721773952543183
Alabama,20020,"Dothan, AL",2060,614,0.030237644399430476
Georgia,20060,"Douglas, GA",361,273,0.02030828082808281
Delaware,20100,"Dover, DE",3276,1043,0.03561643835616438
Georgia,20140,"Dublin, GA",1871,885,0.07171879791475008
Pennsylvania,20180,"DuBois, PA",701,397,0.019901768730658943
Iowa,20220,"Dubuque, IA",755,502,0.014536282947303568
Minnesota,20260,"Duluth, MN-WI",2675,598,0.01858348674841085
Wisconsin,20260,"Duluth, MN-WI",2675,598,0.01858348674841085
Texas,20300,"Dumas, TX",274,351,0.023531432497423566
Oklahoma,20340,"Duncan, OK",586,303,0.03162780656303972
Colorado,20420,"Durango, CO",824,538,0.026694311260852664
Oklahoma,20460,"Durant, OK",1488,451,0.07004990113925243
North Carolina,20500,"Durham-Chapel Hill, NC",7950,2083,0.024512373352737676
Tennessee,20540,"Dyersburg, TN",587,590,0.036493627603357164
Texas,20580,"Eagle Pass, TX",1653,817,0.07763479241029494
Maryland,20660,"Easton, MD",494,333,0.02666666666666667
Pennsylvania,20700,"East Stroudsburg, PA",1771,634,0.0229223023258824
Wisconsin,20740,"Eau Claire, WI",770,468,0.008393742846241892
Colorado,20780,"Edwards, CO",338,367,0.010358883202059518
Illinois,20820,"Effingham, IL",201,168,0.009313748204439089
Texas,20900,"El Campo, TX",113,109,0.00622041175822966
California,20940,"El Centro, CA",3052,1378,0.04705592130621811
Arkansas,20980,"El Dorado, AR",137,126,0.008820499613700747
North Carolina,21020,"Elizabeth City, NC",1596,681,0.08723694998633506
Kentucky,21060,"Elizabethtown, KY",4835,1228,0.0807299928202902
Oklahoma,21120,"Elk City, OK",133,142,0.017103909465020575
Indiana,21140,"Elkhart-Goshen, IN",841,521,0.008379665610490026
West Virginia,21180,"Elkins, WV",191,199,0.01880106309676149
Nevada,21220,"Elko, NV",673,642,0.02349778289864181
Washington,21260,"Ellensburg, WA",315,280,0.015513420339817778
New York,21300,"Elmira, NY",907,463,0.02417312971402681
Texas,21340,"El Paso, TX",23123,3403,0.05935731961515161
Kansas,21380,"Emporia, KS",255,237,0.013345195729537367
Oklahoma,21420,"Enid, OK",983,529,0.03437062937062937
Alabama,21460,"Enterprise, AL",2641,766,0.11450249295469325
Pennsylvania,21500,"Erie, PA",2041,676,0.016516419311505656
Michigan,21540,"Escanaba, MI",295,179,0.0197867060165001
New Mexico,21580,"Española, NM",3810,1108,0.22577777777777777
Alabama,21640,"Eufaula, AL-GA",323,247,0.03297264189465088
Georgia,21640,"Eufaula, AL-GA",323,247,0.03297264189465088
Oregon,21660,"Eugene-Springfield, OR",3530,1001,0.019323512828513405
California,21700,"Eureka-Arcata, CA",2353,1073,0.03926705939288754
Wyoming,21740,"Evanston, WY-UT",0,210,0
Indiana,21780,"Evansville, IN",1831,699,0.013823875819164678
Kentucky,21780,"Evansville, IN",1831,699,0.013823875819164678
Alaska,21820,"Fairbanks-College, AK",2001,688,0.04870272112154992
West Virginia,21900,"Fairmont, WV",1165,557,0.043973879892801875
Nevada,21980,"Fallon, NV",1313,887,0.11961373781543226
Minnesota,22020,"Fargo, ND-MN",3466,1124,0.023315887900762847
North Dakota,22020,"Fargo, ND-MN",3466,1124,0.023315887900762847
Minnesota,22060,"Faribault-Northfield, MN",556,362,0.015886168176233607
Missouri,22100,"Farmington, MO",563,347,0.019487712011076498
New Mexico,22140,"Farmington, NM",2127,673,0.042632085304257196
North Carolina,22180,"Fayetteville, NC",13977,1738,0.09191826856680631
NA,22190,"Fayetteville, TN",522,442,0.03258223581549217
Arkansas,22220,"Fayetteville-Springdale-Rogers, AR",3812,1120,0.012691436942335864
Minnesota,22260,"Fergus Falls, MN",305,147,0.010504925260039953
Ohio,22300,"Findlay, OH",233,235,0.005942513198500345
Arizona,22380,"Flagstaff, AZ",3806,1380,0.05324119407995971
Michigan,22420,"Flint, MI",2319,885,0.012892788044566015
South Carolina,22500,"Florence, SC",1260,780,0.01469747693312648
Alabama,22520,"Florence-Muscle Shoals, AL",2150,757,0.030895687536823348
Wisconsin,22540,"Fond du Lac, WI",224,146,0.0041689931137167315
North Carolina,22580,"Forest City, NC",386,281,0.012722478576137113
Arkansas,22620,"Forrest City, AR",98,130,0.013668061366806136
Colorado,22660,"Fort Collins-Loveland, CO",5239,1308,0.026329411646455154
Iowa,22700,"Fort Dodge, IA",296,223,0.01596289705009977
Missouri,22780,"Fort Leonard Wood, MO",3214,1162,0.1690066782352632
Illinois,22800,"Fort Madison, IA",510,433,0.03249235474006116
Iowa,22800,"Fort Madison, IA",510,433,0.03249235474006116
Missouri,22800,"Fort Madison, IA",510,433,0.03249235474006116
Colorado,22820,"Fort Morgan, CO",112,171,0.008301830850196427
Alabama,22840,"Fort Payne, AL",818,462,0.02777211923677599
Arkansas,22900,"Fort Smith, AR-OK",1322,555,0.012876079905718265
Oklahoma,22900,"Fort Smith, AR-OK",1322,555,0.012876079905718265
Indiana,23060,"Fort Wayne, IN",3165,1081,0.013885172040133193
Indiana,23140,"Frankfort, IN",478,339,0.029687597043661883
Kentucky,23180,"Frankfort, KY",725,463,0.019682367313696214
Texas,23240,"Fredericksburg, TX",40,53,0.0030197795560924054
Illinois,23300,"Freeport, IL",189,158,0.009024064171122994
Nebraska,23340,"Fremont, NE",133,179,0.006655657308712405
Ohio,23380,"Fremont, OH",326,311,0.011180081621454783
California,23420,"Fresno, CA",12177,2633,0.024269493623204005
Alabama,23460,"Gadsden, AL",1190,614,0.02888559846590771
South Carolina,23500,"Gaffney, SC",344,332,0.01409200770144607
Florida,23540,"Gainesville, FL",5054,1536,0.030295219541435638
Georgia,23580,"Gainesville, GA",1330,614,0.012705994745641271
Texas,23620,"Gainesville, TX",15,27,6.883575788169427e-4
Illinois,23660,"Galesburg, IL",244,215,0.010897235496404806
NA,23680,"Gallipolis, OH",223,275,0.017793026410276868
New Mexico,23700,"Gallup, NM",2023,624,0.08941831683168316
Kansas,23780,"Garden City, KS",194,172,0.010271071579839051
Nevada,23820,"Gardnerville Ranchos, NV-CA",500,402,0.021397697607737406
Pennsylvania,23900,"Gettysburg, PA",1358,470,0.02467296511627907
Wyoming,23940,"Gillette, WY",499,470,0.021061072890727218
Kentucky,23980,"Glasgow, KY",402,340,0.01899092970521542
New York,24020,"Glens Falls, NY",1371,659,0.022498646142737583
New York,24100,"Gloversville, NY",440,300,0.017280653522896865
North Carolina,24140,"Goldsboro, NC",1405,764,0.028508237967697428
Texas,24180,"Granbury, TX",453,368,0.014831063383970665
Minnesota,24220,"Grand Forks, ND-MN",1236,630,0.02193239286664892
North Dakota,24220,"Grand Forks, ND-MN",1236,630,0.02193239286664892
Nebraska,24260,"Grand Island, NE",605,346,0.015620562340244249
Colorado,24300,"Grand Junction, CO",2715,965,0.03644686677764055
Minnesota,24330,"Grand Rapids, MN",46,38,0.0021943424128225923
Michigan,24340,"Grand Rapids-Wyoming-Kentwood, MI",6970,1754,0.011510216349131118
Oregon,24420,"Grants Pass, OR",551,294,0.016757397889358597
Kansas,24460,"Great Bend, KS",166,244,0.014721532458318552
Montana,24500,"Great Falls, MT",1961,637,0.050153452685422
Colorado,24540,"Greeley, CO",3093,997,0.01649485635662594
Wisconsin,24580,"Green Bay, WI",2844,953,0.01627020904129338
NA,24600,"Greencastle, IN",759,614,0.0458222651533446
Tennessee,24620,"Greeneville, TN",684,531,0.021628458498023716
NA,24640,"Greenfield, MA",831,474,0.022985008574431597
North Carolina,24660,"Greensboro-High Point, NC",8125,2166,0.021123483333896628
Indiana,24700,"Greensburg, IN",0,208,0
Mississippi,24740,"Greenville, MS",520,449,0.03810640480726953
North Carolina,24780,"Greenville, NC",1031,734,0.012539985647737086
Ohio,24820,"Greenville, OH",415,262,0.017579531494895582
South Carolina,24860,"Greenville-Anderson-Greer, SC",7827,1909,0.01620500249482918
Mississippi,24900,"Greenwood, MS",578,497,0.03827307641372004
South Carolina,24940,"Greenwood, SC",356,270,0.008226648796043814
Mississippi,24980,"Grenada, MS",476,482,0.03568483394557313
Puerto Rico,25020,"Guayama, PR",0,251,0
Mississippi,25060,"Gulfport-Biloxi, MS",13335,2086,0.07099618265744541
Maryland,25180,"Hagerstown-Martinsburg, MD-WV",9319,1927,0.06380647855885957
West Virginia,25180,"Hagerstown-Martinsburg, MD-WV",9319,1927,0.06380647855885957
Idaho,25200,"Hailey, ID",333,346,0.019117056088179575
Louisiana,25220,"Hammond, LA",1589,925,0.025909439253860328
California,25260,"Hanford-Corcoran, CA",1267,671,0.023624396337938877
Missouri,25300,"Hannibal, MO",331,339,0.018534072456464528
Pennsylvania,25420,"Harrisburg-Carlisle, PA",10524,1946,0.034150314602147534
Arkansas,25460,"Harrison, AR",522,356,0.025413826679649466
Virginia,25500,"Harrisonburg, VA",887,533,0.013153016889837922
Connecticut,25540,"Hartford-West Hartford-East Hartford, CT",9461,1984,0.01567574195087682
Nebraska,25580,"Hastings, NE",173,139,0.008010371810899662
Mississippi,25620,"Hattiesburg, MS",2157,685,0.02921180931744312
Kansas,25700,"Hays, KS",94,130,0.005504157395479564
Utah,25720,"Heber, UT",770,375,0.018251635536171422
Montana,25740,"Helena, MT",2756,929,0.0607851786501985
NA,25770,"Hemlock Farms, PA",752,506,0.028374146323057767
NA,25775,"Henderson, KY",188,143,0.0073057941165041
North Carolina,25780,"Henderson, NC",566,451,0.030898569712850748
Oregon,25840,"Hermiston-Pendleton, OR",1250,671,0.030430654624242277
NA,25850,"Hermitage, PA",1185,639,0.02443399727823828
North Carolina,25860,"Hickory-Lenoir-Morganton, NC",3009,1232,0.01673023674758415
Michigan,25880,"Hillsdale, MI",231,140,0.011686143572621035
Hawaii,25900,"Hilo-Kailua, HI",1775,754,0.02034267377227666
South Carolina,25940,"Hilton Head Island-Bluffton-Port Royal, SC",2869,1240,0.029816156220446255
Georgia,25980,"Hinesville, GA",2433,886,0.07645413694497691
New Mexico,26020,"Hobbs, NM",706,510,0.0207433524313207
Michigan,26090,"Holland, MI",829,523,0.013760478047970787
Florida,26140,"Homosassa Springs, FL",871,507,0.015749312888760306
Oregon,26220,"Hood River, OR",46,74,0.0037057923145089825
Arkansas,26300,"Hot Springs, AR",708,517,0.016911905216892797
Michigan,26340,"Houghton, MI",238,242,0.012915830032018235
Louisiana,26380,"Houma-Bayou Cane-Thibodaux, LA",1244,689,0.014248244739946627
Texas,26420,"Houston-Pasadena-The Woodlands, TX",60272,5407,0.016309936418525003
New York,26460,"Hudson, NY",546,530,0.01951184647821892
Pennsylvania,26500,"Huntingdon, PA",433,302,0.024570163990240028
Indiana,26540,"Huntington, IN",193,170,0.010214342418629266
Kentucky,26580,"Huntington-Ashland, WV-KY-OH",5522,1283,0.03452350436701699
Ohio,26580,"Huntington-Ashland, WV-KY-OH",5522,1283,0.03452350436701699
West Virginia,26580,"Huntington-Ashland, WV-KY-OH",5522,1283,0.03452350436701699
Alabama,26620,"Huntsville, AL",24849,2914,0.09348371587330848
Texas,26660,"Huntsville, TX",620,642,0.01979249800478851
South Dakota,26700,"Huron, SD",381,220,0.03833769370094586
Kansas,26740,"Hutchinson, KS",100,99,0.0034055305816646235
Minnesota,26780,"Hutchinson, MN",179,164,0.009370746518689143
Idaho,26820,"Idaho Falls, ID",5201,1270,0.06630376583972872
Pennsylvania,26860,"Indiana, PA",396,288,0.010842482819045533
Indiana,26900,"Indianapolis-Carmel-Greenwood, IN",29063,3505,0.02609268681144548
Iowa,26980,"Iowa City, IA",1856,675,0.018732715638184058
Michigan,27020,"Iron Mountain, MI-WI",1056,420,0.07554188425495385
Wisconsin,27020,"Iron Mountain, MI-WI",1056,420,0.07554188425495385
New York,27060,"Ithaca, NY",510,444,0.009794319294809012
Michigan,27100,"Jackson, MI",717,302,0.010377768128528007
Mississippi,27140,"Jackson, MS",7229,1608,0.025676909251714695
Tennessee,27180,"Jackson, TN",1339,649,0.016421791066741888
Idaho,27220,"Jackson, WY-ID",791,717,0.03990716916401796
Wyoming,27220,"Jackson, WY-ID",791,717,0.03990716916401796
Florida,27260,"Jacksonville, FL",33222,5423,0.04034802632058354
Illinois,27300,"Jacksonville, IL",180,174,0.010667298802892022
North Carolina,27340,"Jacksonville, NC",8717,2037,0.11629023866380288
Texas,27380,"Jacksonville, TX",188,211,0.008160076392204523
North Dakota,27420,"Jamestown, ND",282,260,0.026252094582014524
New York,27460,"Jamestown-Dunkirk, NY",689,355,0.012529550827423169
Wisconsin,27500,"Janesville-Beloit, WI",997,488,0.011925124095448837
Indiana,27540,"Jasper, IN",379,395,0.016408347043034028
Georgia,27600,"Jefferson, GA",692,540,0.015237927465703653
Missouri,27620,"Jefferson City, MO",1590,692,0.022235274374895118
Georgia,27700,"Jesup, GA",283,220,0.02194138626143588
Tennessee,27740,"Johnson City, TN",3638,1091,0.037942866678486876
Pennsylvania,27780,"Johnstown, PA",1647,590,0.027922826529228267
Arkansas,27860,"Jonesboro, AR",848,459,0.01346031746031746
Missouri,27900,"Joplin, MO-KS",1250,503,0.01286935035519407
Alaska,27940,"Juneau, AK",647,389,0.03610692560968804
Hawaii,27980,"Kahului-Wailuku, HI",1377,597,0.016878723247775243
Michigan,28020,"Kalamazoo-Portage, MI",1739,708,0.012661177001652724
Montana,28060,"Kalispell, MT",2066,756,0.03558878247088817
Illinois,28100,"Kankakee, IL",478,378,0.009406115943169743
Kansas,28140,"Kansas City, MO-KS",39596,3837,0.03400683984423981
Missouri,28140,"Kansas City, MO-KS",39596,3837,0.03400683984423981
Hawaii,28180,"Kapaa, HI",909,532,0.024119722981399423
Nebraska,28260,"Kearney, NE",674,376,0.020772976638106393
New Hampshire,28300,"Keene, NH",578,456,0.01344436174171939
Indiana,28340,"Kendallville, IN",444,325,0.019327877415984678
Missouri,28380,"Kennett, MO",216,193,0.01992803764184888
Washington,28420,"Kennewick-Richland, WA",5570,1380,0.03966925668216877
NA,28450,"Kenosha, WI",3010,1279,0.03361438382935954
Texas,28500,"Kerrville, TX",147,154,0.005979498861047836
Florida,28580,"Key West-Key Largo, FL",1178,680,0.029640439825881288
North Carolina,28620,"Kill Devil Hills, NC",550,393,0.029617662897145933
Texas,28660,"Killeen-Temple, TX",15411,2561,0.0753583077020875
NA,28680,"Kingsland, GA",2456,751,0.1113933236574746
Tennessee,28700,"Kingsport-Bristol, TN-VA",2140,838,0.015851851851851853
Virginia,28700,"Kingsport-Bristol, TN-VA",2140,838,0.015851851851851853
New York,28740,"Kingston, NY",976,488,0.011090657030522033
Texas,28780,"Kingsville, TX",807,603,0.052776142829115164
North Carolina,28820,"Kinston, NC",641,530,0.02924536910302035
Missouri,28860,"Kirksville, MO",462,320,0.03472900849432459
NA,28880,"Kiryas Joel-Poughkeepsie-Newburgh, NY",8064,1605,0.023594884263932657
Oregon,28900,"Klamath Falls, OR",1359,670,0.051252074219339264
Tennessee,28940,"Knoxville, TN",15671,2240,0.03402619002642453
Indiana,29020,"Kokomo, IN",539,425,0.014273608389386155
New Hampshire,29060,"Laconia, NH",934,666,0.027720068854989018
Minnesota,29100,"La Crosse-Onalaska, WI-MN",1985,699,0.022094343402862805
Wisconsin,29100,"La Crosse-Onalaska, WI-MN",1985,699,0.022094343402862805
Louisiana,29180,"Lafayette, LA",2915,974,0.014930953941976724
Indiana,29200,"Lafayette-West Lafayette, IN",1441,553,0.012276262768250399
Oregon,29260,"La Grande, OR",115,152,0.009386988817239409
Alabama,29300,"LaGrange, GA-AL",819,573,0.017774980467054433
Georgia,29300,"LaGrange, GA-AL",819,573,0.017774980467054433
Louisiana,29340,"Lake Charles, LA",991,777,0.009115577427217955
Florida,29380,"Lake City, FL",1818,966,0.06023657267817501
Arizona,29420,"Lake Havasu City-Kingman, AZ",2234,920,0.029075291208433655
Florida,29460,"Lakeland-Winter Haven, FL",4510,1435,0.012006879329531598
NA,29470,"Lake of the Woods, VA",994,508,0.05734725667801304
Pennsylvania,29540,"Lancaster, PA",3627,1149,0.012782784299766337
Michigan,29620,"Lansing-East Lansing, MI",3502,794,0.01458801966175123
Wyoming,29660,"Laramie, WY",465,403,0.021090348330914367
Texas,29700,"Laredo, TX",3460,1076,0.029674608483850496
NA,29720,"Lares, PR",84,137,0.008255528255528256
New Mexico,29740,"Las Cruces, NM",6847,1643,0.06881822019418256
New Mexico,29780,"Las Vegas, NM",491,360,0.03440784863349684
Nevada,29820,"Las Vegas-Henderson-North Las Vegas, NV",28580,2866,0.025027957226538042
Mississippi,29860,"Laurel, MS",305,317,0.00887453445065177
North Carolina,29900,"Laurinburg, NC",173,153,0.013617758186397984
Kansas,29940,"Lawrence, KS",1248,683,0.019284257370665678
Tennessee,29980,"Lawrenceburg, TN",506,338,0.023872428760143425
Oklahoma,30020,"Lawton, OK",5433,767,0.11870998754561146
Missouri,30060,"Lebanon, MO",922,684,0.05538202787121576
Pennsylvania,30140,"Lebanon, PA",2035,887,0.027700265432518887
NA,30150,"Lebanon-Claremont, NH-VT",2633,809,0.02310662571303203
NA,30180,"Le Mars, IA",521,381,0.03940104363608864
Pennsylvania,30260,"Lewisburg, PA",488,436,0.028105742095260036
Tennessee,30280,"Lewisburg, TN",181,223,0.010254376522576625
Idaho,30300,"Lewiston, ID-WA",495,272,0.017027863777089782
Washington,30300,"Lewiston, ID-WA",495,272,0.017027863777089782
Maine,30340,"Lewiston-Auburn, ME",372,253,0.006567796610169491
Pennsylvania,30380,"Lewistown, PA",164,135,0.007973163498468569
Nebraska,30420,"Lexington, NE",276,268,0.022515907978463045
Kentucky,30460,"Lexington-Fayette, KY",6489,1488,0.024077207355625806
NA,30500,"Lexington Park, MD",19159,2594,0.17619739552678046
Kansas,30580,"Liberal, KS",76,129,0.007383658797240843
Ohio,30620,"Lima, OH",423,259,0.008831266441187523
Illinois,30660,"Lincoln, IL",106,71,0.00857674569139898
Nebraska,30700,"Lincoln, NE",4452,966,0.024156398027118976
Arkansas,30780,"Little Rock-North Little Rock-Conway, AR",10969,1934,0.030453371831533356
Pennsylvania,30820,"Lock Haven, PA",288,151,0.016644512512281107
Idaho,30860,"Logan, UT-ID",1694,618,0.021214512028653366
Utah,30860,"Logan, UT-ID",1694,618,0.021214512028653366
Indiana,30900,"Logansport, IN",93,113,0.005319148936170213
Texas,30980,"Longview, TX",2032,1137,0.015107582043389689
Washington,31020,"Longview-Kelso, WA",740,543,0.015048296898830707
California,31080,"Los Angeles-Long Beach-Anaheim, CA",100218,5610,0.01542583591243824
Indiana,31140,"Louisville/Jefferson County, KY-IN",12940,2075,0.019307150807647663
Kentucky,31140,"Louisville/Jefferson County, KY-IN",12940,2075,0.019307150807647663
Texas,31180,"Lubbock, TX",3068,857,0.01696377228292122
Michigan,31220,"Ludington, MI",47,59,0.003759699224062075
Texas,31260,"Lufkin, TX",264,281,0.0069349584953241564
North Carolina,31300,"Lumberton, NC",1000,423,0.023325247247620823
Virginia,31340,"Lynchburg, VA",2422,841,0.01918765398844938
Illinois,31380,"Macomb, IL",50,68,0.0035901486321533714
Georgia,31420,"Macon-Bibb County, GA",4489,1270,0.04481873820625206
Indiana,31500,"Madison, IN",0,208,0
Wisconsin,31540,"Madison, WI",5509,1296,0.01410603725079505
Kentucky,31580,"Madisonville, KY",215,192,0.0109026369168357
Arkansas,31620,"Magnolia, AR",150,212,0.015054195102368526
Arkansas,31680,"Malvern, AR",146,156,0.010781273076355043
New Hampshire,31700,"Manchester-Nashua, NH",5023,1516,0.020399377825068128
Kansas,31740,"Manhattan, KS",4240,1172,0.0731425417033242
Wisconsin,31820,"Manitowoc, WI",422,278,0.01027839345300436
Minnesota,31860,"Mankato, MN",328,200,0.0059447213411871315
Ohio,31900,"Mansfield, OH",620,384,0.01157580283793876
Ohio,31930,"Marietta, OH",965,420,0.0369264914093292
Michigan,31940,"Marinette, WI-MI",508,225,0.017223842137383875
Wisconsin,31940,"Marinette, WI-MI",508,225,0.017223842137383875
Indiana,31980,"Marion, IN",1915,917,0.06744382616045644
North Carolina,32000,"Marion, NC",800,478,0.04363477691720301
Ohio,32020,"Marion, OH",348,351,0.012754260582737768
NA,32060,"Marion-Herrin, IL",1250,606,0.04182420450363034
Michigan,32100,"Marquette, MI",606,297,0.019189360354654846
Minnesota,32140,"Marshall, MN",172,146,0.013630240114113639
Missouri,32180,"Marshall, MO",217,196,0.019620253164556962
Iowa,32260,"Marshalltown, IA",557,300,0.028553852463218333
Tennessee,32280,"Martin, TN",120,132,0.0076947739660147485
Virginia,32300,"Martinsville, VA",365,269,0.01355667805675234
Missouri,32340,"Maryville, MO",294,209,0.028744622604614783
Iowa,32380,"Mason City, IA",82,86,0.003177309361438314
NA,32390,"Massena-Ogdensburg, NY",471,233,0.010440449537827233
Puerto Rico,32420,"Mayagüez, PR",566,349,0.00876540915567119
Kentucky,32460,"Mayfield, KY",353,313,0.02238427393785669
Oklahoma,32540,"McAlester, OK",1800,410,0.10622602537621717
Texas,32580,"McAllen-Edinburg-Mission, TX",10569,1817,0.028470527387629098
Mississippi,32620,"McComb, MS",791,595,0.04071443277743463
Tennessee,32660,"McMinnville, TN",825,559,0.04333666018805484
Kansas,32700,"McPherson, KS",349,359,0.021219675320727185
Pennsylvania,32740,"Meadville, PA",305,179,0.008206204428659833
Oregon,32780,"Medford, OR",1852,802,0.018588405331620362
Arkansas,32820,"Memphis, TN-MS-AR",21625,3509,0.03417194850425628
Mississippi,32820,"Memphis, TN-MS-AR",21625,3509,0.03417194850425628
Tennessee,32820,"Memphis, TN-MS-AR",21625,3509,0.03417194850425628
Wisconsin,32860,"Menomonie, WI",280,184,0.011483410572940164
California,32900,"Merced, CA",1271,652,0.01052413678893765
Mississippi,32940,"Meridian, MS",2145,962,0.059939641200469455
Missouri,33020,"Mexico, MO",216,264,0.023817399933840556
Oklahoma,33060,"Miami, OK",862,223,0.07202540106951871
Florida,33100,"Miami-Fort Lauderdale-West Palm Beach, FL",50286,4954,0.015990882341437106
Indiana,33140,"Michigan City-La Porte, IN",98,104,0.0020042129373990226
Kentucky,33180,"Middlesborough, KY",152,179,0.01806083650190114
Michigan,33220,"Midland, MI",476,271,0.012015347334410339
Texas,33260,"Midland, TX",1324,856,0.014431304158264756
Georgia,33300,"Milledgeville, GA",330,247,0.017961138627333586
Wisconsin,33340,"Milwaukee-Waukesha, WI",10311,1590,0.012816082810464665
Louisiana,33380,"Minden, LA",223,208,0.015451773835920177
Texas,33420,"Mineral Wells, TX",95,120,0.007682976142337242
Minnesota,33460,"Minneapolis-St. Paul-Bloomington, MN-WI",29377,3383,0.014437567851949197
Wisconsin,33460,"Minneapolis-St. Paul-Bloomington, MN-WI",29377,3383,0.014437567851949197
North Dakota,33500,"Minot, ND",1840,960,0.0530381644183097
Montana,33540,"Missoula, MT",1702,603,0.023988724453840732
South Dakota,33580,"Mitchell, SD",245,151,0.01967397414277684
Missouri,33620,"Moberly, MO",154,170,0.013143296065545788
Alabama,33660,"Mobile, AL",4771,1158,0.02561005722138126
California,33700,"Modesto, CA",3447,1264,0.013834817020798381
Louisiana,33740,"Monroe, LA",1855,969,0.01980589158543226
Michigan,33780,"Monroe, MI",811,350,0.010868836860232923
Alabama,33860,"Montgomery, AL",8934,2029,0.052962308668176375
NA,33900,"Monticello, IN",12,20,0.0010369858278603526
NA,33910,"Monticello, NY",920,617,0.025236593059936908
Colorado,33940,"Montrose, CO",496,472,0.02525458248472505
North Carolina,33980,"Morehead City, NC",2677,779,0.08054761546562358
Louisiana,34020,"Morgan City, LA",225,178,0.011057597798309416
West Virginia,34060,"Morgantown, WV",3274,1030,0.04662024577441725
Tennessee,34100,"Morristown, TN",1390,725,0.023941575665713595
Idaho,34140,"Moscow, ID",168,222,0.008503315280660019
Washington,34180,"Moses Lake, WA",1467,825,0.03187813729111889
Georgia,34220,"Moultrie, GA",109,126,0.0053394729107475265
Arkansas,34260,"Mountain Home, AR",741,446,0.045735094432786075
Idaho,34300,"Mountain Home, ID",1033,490,0.08734252134945464
North Carolina,34340,"Mount Airy, NC",136,156,0.0043511645764013306
Michigan,34380,"Mount Pleasant, MI",1104,737,0.03455074640878791
Texas,34420,"Mount Pleasant, TX",536,454,0.0217259130152811
Kentucky,34460,"Mount Sterling, KY",722,908,0.03135858234885337
Illinois,34500,"Mount Vernon, IL",181,139,0.011178359683794466
Ohio,34540,"Mount Vernon, OH",284,242,0.009868649662936966
Washington,34580,"Mount Vernon-Anacortes, WA",1380,513,0.0227613848158472
Indiana,34620,"Muncie, IN",1323,1186,0.02375181774115366
Kentucky,34660,"Murray, KY",107,125,0.005618862574174237
NA,34680,"Murrells Inlet, SC",257,365,0.009899464581487615
Iowa,34700,"Muscatine, IA",409,322,0.01982645789907412
Michigan,34740,"Muskegon-Norton Shores, MI",568,435,0.00704644700277888
Oklahoma,34780,"Muskogee, OK",2726,787,0.10605765863906937
North Carolina,34820,"Myrtle Beach-Conway-North Myrtle Beach, SC",1775,834,0.010236093330103918
South Carolina,34820,"Myrtle Beach-Conway-North Myrtle Beach, SC",1775,834,0.010236093330103918
Texas,34860,"Nacogdoches, TX",94,137,0.0031600887514287635
California,34900,"Napa, CA",1086,527,0.015477581734743322
Florida,34940,"Naples-Marco Island, FL",1308,728,0.007566554441012114
Tennessee,34980,"Nashville-Davidson--Murfreesboro--Franklin, TN",23504,3692,0.020624726330134267
Louisiana,35020,"Natchez, MS-LA",346,266,0.017642259840913728
Mississippi,35020,"Natchez, MS-LA",346,266,0.017642259840913728
Louisiana,35060,"Natchitoches, LA",399,241,0.026621297037630103
North Carolina,35100,"New Bern, NC",3458,1021,0.07094788674599918
South Carolina,35140,"Newberry, SC",153,206,0.009282854022570076
Indiana,35220,"New Castle, IN",418,331,0.018942312049666923
Connecticut,35300,"New Haven, CT",5031,1704,0.01692013802473952
NA,35340,"New Iberia, LA",222,233,0.008214008214008214
Louisiana,35380,"New Orleans-Metairie, LA",14867,1997,0.03276473829201102
Ohio,35420,"New Philadelphia-Dover, OH",352,249,0.008291913029139479
Oregon,35440,"Newport, OR",827,431,0.04228664928158716
Tennessee,35460,"Newport, TN",253,291,0.017120043307619435
Minnesota,35580,"New Ulm, MN",73,73,0.005528209011737978
New Jersey,35620,"New York-Newark-Jersey City, NY-NJ",168275,9261,0.01712121791762036
New York,35620,"New York-Newark-Jersey City, NY-NJ",168275,9261,0.01712121791762036
Pennsylvania,35620,"New York-Newark-Jersey City, NY-NJ",168275,9261,0.01712121791762036
Michigan,35660,"Niles, MI",414,228,0.00588728829225978
Arizona,35700,"Nogales, AZ",926,540,0.0485401268543272
Nebraska,35740,"Norfolk, NE",338,196,0.013188185258886417
Nebraska,35820,"North Platte, NE",388,413,0.022390212937849846
Florida,35840,"North Port-Bradenton-Sarasota, FL",4337,1302,0.011011638771530712
North Carolina,35900,"North Wilkesboro, NC",37,72,0.0012474713418745786
Ohio,35940,"Norwalk, OH",714,381,0.025230573518498885
Connecticut,35980,"Norwich-New London-Willimantic, CT",6161,1385,0.04500989910944543
Washington,36020,"Oak Harbor, WA",1397,667,0.043131927506252124
Florida,36100,"Ocala, FL",1800,754,0.010953769009353301
NA,36180,"Ocean Pines, MD",623,279,0.023890784982935155
Texas,36220,"Odessa, TX",419,376,0.005245893429487179
Utah,36260,"Ogden, UT",25437,3019,0.07506506996866018
Pennsylvania,36340,"Oil City, PA",825,397,0.038827183734939756
Florida,36380,"Okeechobee, FL",92,186,0.005375087637298434
Oklahoma,36420,"Oklahoma City, OK",38514,3478,0.05397042935036217
New York,36460,"Olean, NY",573,234,0.018275763084872262
Washington,36500,"Olympia-Lacey-Tumwater, WA",5100,1347,0.03628756830601093
Iowa,36540,"Omaha, NE-IA",15441,2144,0.029564148515761418
Nebraska,36540,"Omaha, NE-IA",15441,2144,0.029564148515761418
New York,36580,"Oneonta, NY",224,164,0.008209037270495108
Idaho,36620,"Ontario, OR-ID",811,474,0.03323225700704802
Oregon,36620,"Ontario, OR-ID",811,474,0.03323225700704802
Louisiana,36660,"Opelousas, LA",512,380,0.016892114813592873
South Carolina,36700,"Orangeburg, SC",375,273,0.011170022637912546
Florida,36740,"Orlando-Kissimmee-Sanford, FL",24285,3534,0.01689575835412981
Wisconsin,36780,"Oshkosh-Neenah, WI",1172,575,0.01284186535764376
Iowa,36820,"Oskaloosa, IA",32,56,0.0027911033580462277
Washington,36830,"Othello, WA",188,200,0.02021505376344086
Illinois,36837,"Ottawa, IL",943,459,0.013361104026750545
Kansas,36840,"Ottawa, KS",267,265,0.019923886277143497
Iowa,36900,"Ottumwa, IA",195,172,0.012147262193982433
Minnesota,36940,"Owatonna, MN",180,172,0.009290802105915144
Kentucky,36980,"Owensboro, KY",875,439,0.015716492438121923
NA,37020,"Owosso, MI",622,328,0.01973099860423804
Mississippi,37060,"Oxford, MS",823,592,0.025998230983067982
California,37100,"Oxnard-Thousand Oaks-Ventura, CA",11854,2301,0.02906275436652316
Alabama,37120,"Ozark, AL",2036,659,0.11206516952884192
Illinois,37140,"Paducah, KY-IL",1447,679,0.029823368165048745
Kentucky,37140,"Paducah, KY-IL",1447,679,0.029823368165048745
Nevada,37220,"Pahrump, NV",1030,859,0.05840657782818259
Florida,37260,"Palatka, FL",395,303,0.01383440739702998
Texas,37300,"Palestine, TX",253,167,0.01070899470899471
Florida,37340,"Palm Bay-Melbourne-Titusville, FL",9642,1842,0.03287676837938195
Texas,37420,"Pampa, TX",118,164,0.012129934210526315
Florida,37460,"Panama City-Panama City Beach, FL",7111,1694,0.06751483503441728
Arkansas,37500,"Paragould, AR",302,224,0.016331386545533205
Tennessee,37540,"Paris, TN",248,219,0.017267790001392565
Texas,37580,"Paris, TX",417,339,0.015121845082680592
West Virginia,37620,"Parkersburg-Vienna, WV",2168,579,0.055939725461863966
Arizona,37740,"Payson, AZ",1213,603,0.06533800161594398
Iowa,37800,"Pella, IA",390,296,0.02191257444656703
Florida,37860,"Pensacola-Ferry Pass-Brent, FL",11665,2053,0.049163400345597845
Illinois,37900,"Peoria, IL",2989,970,0.017377401819714543
Indiana,37940,"Peru, IN",321,301,0.021488820457892622
NA,37950,"Petoskey, MI",122,96,0.00740246344275226
Delaware,37980,"Philadelphia-Camden-Wilmington, PA-NJ-DE-MD",75630,6388,0.023729813343039034
Maryland,37980,"Philadelphia-Camden-Wilmington, PA-NJ-DE-MD",75630,6388,0.023729813343039034
New Jersey,37980,"Philadelphia-Camden-Wilmington, PA-NJ-DE-MD",75630,6388,0.023729813343039034
Pennsylvania,37980,"Philadelphia-Camden-Wilmington, PA-NJ-DE-MD",75630,6388,0.023729813343039034
Arizona,38060,"Phoenix-Mesa-Chandler, AZ",49710,4819,0.01972947872264425
Mississippi,38100,"Picayune, MS",732,422,0.029264782313197138
NA,38210,"Pikeville, KY",257,215,0.008378977569118415
Arkansas,38220,"Pine Bluff, AR",491,311,0.018006454452105032
North Carolina,38240,"Pinehurst-Southern Pines, NC",1891,798,0.045263057111398344
Kansas,38260,"Pittsburg, KS",517,571,0.025467980295566503
Pennsylvania,38300,"Pittsburgh, PA",24628,2878,0.020126094542304598
Massachusetts,38340,"Pittsfield, MA",808,489,0.01270080794743626
Texas,38380,"Plainview, TX",480,354,0.02609262883235486
Wisconsin,38420,"Platteville, WI",259,141,0.010369539976778636
New York,38460,"Plattsburgh, NY",366,251,0.009976285877831384
Indiana,38500,"Plymouth, IN",327,270,0.014389438943894389
Idaho,38540,"Pocatello, ID",1101,488,0.02597739659769247
Oklahoma,38620,"Ponca City, OK",862,395,0.045069538847641956
Puerto Rico,38660,"Ponce, PR",1391,611,0.015643626712251738
Illinois,38700,"Pontiac, IL",369,200,0.02229741978367273
Missouri,38740,"Poplar Bluff, MO",637,511,0.033317642136094984
Washington,38820,"Port Angeles, WA",1146,588,0.03826888399118413
Maine,38860,"Portland-South Portland, ME",7960,1747,0.025434479056495856
Oregon,38900,"Portland-Vancouver-Hillsboro, OR-WA",22992,2747,0.017209503550133756
Washington,38900,"Portland-Vancouver-Hillsboro, OR-WA",22992,2747,0.017209503550133756
Texas,38920,"Port Lavaca, TX",74,136,0.0074424218042844215
Florida,38940,"Port St. Lucie, FL",3189,1065,0.013599089129683882
Ohio,39020,"Portsmouth, OH",1371,757,0.04519233938754656
NA,39040,"Port Townsend, WA",710,516,0.05355661160141812
Pennsylvania,39060,"Pottsville, PA",1103,419,0.017338405432595575
Arizona,39150,"Prescott Valley-Prescott, AZ",1083,441,0.010922073076030941
Utah,39220,"Price, UT",245,176,0.025409666044389132
Massachusetts,39300,"Providence-Warwick, RI-MA",21351,3374,0.024871425992043845
Rhode Island,39300,"Providence-Warwick, RI-MA",21351,3374,0.024871425992043845
Utah,39340,"Provo-Orem-Lehi, UT",3341,1012,0.009082210176642328
Colorado,39380,"Pueblo, CO",2330,885,0.030716903525193136
Washington,39420,"Pullman, WA",306,305,0.013207872928176795
Florida,39460,"Punta Gorda, FL",912,596,0.011854162604796256
NA,39480,"Putnam, CT",604,323,0.011311496900574938
Illinois,39500,"Quincy, IL-MO",677,370,0.01878729013459137
Missouri,39500,"Quincy, IL-MO",677,370,0.01878729013459137
Wisconsin,39540,"Racine-Mount Pleasant, WI",1172,553,0.011988543371522095
North Carolina,39580,"Raleigh-Cary, NC",13756,2307,0.017096545269926808
South Dakota,39660,"Rapid City, SD",3601,1196,0.04643156469602218
Texas,39700,"Raymondville, TX",308,335,0.037639007698887936
Pennsylvania,39740,"Reading, PA",2145,760,0.010064043915827997
California,39780,"Red Bluff, CA",798,460,0.029903320092932624
California,39820,"Redding, CA",2207,791,0.02847080678036069
Minnesota,39860,"Red Wing, MN",221,141,0.008761844348412163
Nevada,39900,"Reno, NV",7013,1403,0.024483312386538194
Idaho,39940,"Rexburg, ID",796,459,0.022855173997932698
NA,39960,"Rice Lake, WI",255,216,0.011348464619492658
Indiana,39980,"Richmond, IN",536,311,0.01835239334383346
Virginia,40060,"Richmond, VA",29462,3217,0.04249365739398581
Kentucky,40080,"Richmond-Berea, KY",2552,809,0.04148109619323169
NA,40090,"Rifle, CO",533,509,0.012646514497223937
Texas,40100,"Rio Grande City-Roma, TX",585,472,0.023188520691295386
California,40140,"Riverside-San Bernardino-Ontario, CA",39578,3970,0.018315999820440448
Wyoming,40180,"Riverton, WY",1005,487,0.055721889554224885
Virginia,40220,"Roanoke, VA",3073,908,0.020849022680860013
North Carolina,40260,"Roanoke Rapids, NC",237,144,0.009937940288493794
Illinois,40300,"Rochelle, IL",367,266,0.014537532184591008
Minnesota,40340,"Rochester, MN",1262,507,0.010424066211818347
New York,40380,"Rochester, NY",7082,1410,0.013623317764560137
Illinois,40420,"Rockford, IL",2119,1214,0.013379805901258422
North Carolina,40460,"Rockingham, NC",148,256,0.008367727709617233
Wyoming,40540,"Rock Springs, WY",376,358,0.018048288772620363
North Carolina,40580,"Rocky Mount, NC",1347,767,0.02038037311061686
Missouri,40620,"Rolla, MO",756,401,0.038876889848812095
Georgia,40660,"Rome, GA",765,490,0.016527675755087932
Oregon,40700,"Roseburg, OR",1977,841,0.043585616966864346
New Mexico,40740,"Roswell, NM",1057,692,0.03910180526783072
New Mexico,40760,"Ruidoso, NM",370,332,0.04040183446167286
NA,40770,"Russellville, AL",414,327,0.031890309659528576
Arkansas,40780,"Russellville, AR",482,361,0.012885977810453147
Louisiana,40820,"Ruston, LA",353,402,0.01844883453538204
Vermont,40860,"Rutland, VT",395,254,0.013428979397565785
California,40900,"Sacramento-Roseville-Folsom, CA",22425,2873,0.019309324617085545
Arizona,40940,"Safford, AZ",925,494,0.05806654111738858
Michigan,40980,"Saginaw, MI",1469,603,0.017437029651259407
Minnesota,41060,"St. Cloud, MN",2857,894,0.027097006714974014
Utah,41100,"St. George, UT",1971,993,0.021584861028976936
Kansas,41140,"St. Joseph, MO-KS",937,424,0.017044731049788077
Missouri,41140,"St. Joseph, MO-KS",937,424,0.017044731049788077
Illinois,41180,"St. Louis, MO-IL",37128,3670,0.02573199443055626
Missouri,41180,"St. Louis, MO-IL",37128,3670,0.02573199443055626
Pennsylvania,41260,"St. Marys, PA",163,159,0.01061336111472848
Ohio,41400,"Salem, OH",529,348,0.011847969719366615
Oregon,41420,"Salem, OR",2076,889,0.01001785455773778
Kansas,41460,"Salina, KS",335,297,0.010702533465384493
California,41500,"Salinas, CA",5322,1191,0.028486399109331678
Delaware,41540,"Salisbury, MD",1153,631,0.018931122239553403
Maryland,41540,"Salisbury, MD",1153,631,0.018931122239553403
Utah,41620,"Salt Lake City-Murray, UT",12987,2260,0.018766283403103004
Texas,41660,"San Angelo, TX",2779,1316,0.04960285586791611
Texas,41700,"San Antonio-New Braunfels, TX",55988,5822,0.0432295036652578
California,41740,"San Diego-Chula Vista-Carlsbad, CA",59165,4928,0.03653412125759133
Idaho,41760,"Sandpoint, ID",206,152,0.009753326073576062
Ohio,41780,"Sandusky, OH",322,288,0.005818470934750005
North Carolina,41820,"Sanford, NC",251,251,0.008252235665439242
California,41860,"San Francisco-Oakland-Fremont, CA",44197,3842,0.01835553174435072
California,41940,"San Jose-Sunnyvale-Santa Clara, CA",11543,1934,0.011028540636393516
Puerto Rico,41980,"San Juan-Bayamón-Caguas, PR",18251,2705,0.022806480434361547
California,42020,"San Luis Obispo-Paso Robles, CA",1513,568,0.011257691763953064
California,42100,"Santa Cruz-Watsonville, CA",1589,769,0.01220523849758046
New Mexico,42140,"Santa Fe, NM",4010,1070,0.054497764368519046
California,42200,"Santa Maria-Santa Barbara, CA",4852,1150,0.023815951582739817
California,42220,"Santa Rosa-Petaluma, CA",2858,969,0.011350458307518786
Michigan,42300,"Sault Ste. Marie, MI",802,289,0.052700749112892624
Georgia,42340,"Savannah, GA",8247,1940,0.039794249207444475
Pennsylvania,42380,"Sayre, PA",446,252,0.017163087816516587
Nebraska,42420,"Scottsbluff, NE",312,378,0.017424327041215236
Alabama,42460,"Scottsboro, AL",1127,682,0.04926991343883886
Pennsylvania,42540,"Scranton--Wilkes-Barre, PA",7983,1432,0.030373245063348934
NA,42580,"Seaford, DE",2333,770,0.020022141931497327
Arkansas,42620,"Searcy, AR",784,624,0.023459708549028995
Washington,42660,"Seattle-Tacoma-Bellevue, WA",43241,4110,0.01999023626211568
Florida,42680,"Sebastian-Vero Beach-West Vero Corridor, FL",845,449,0.012381315203375922
Florida,42700,"Sebring, FL",714,581,0.01939848398402478
Missouri,42740,"Sedalia, MO",785,403,0.03924018995251187
Pennsylvania,42780,"Selinsgrove, PA",588,294,0.03072742474916388
Alabama,42820,"Selma, AL",75,95,0.005399956800345597
South Carolina,42860,"Seneca, SC",146,178,0.00424616100511866
New York,42900,"Seneca Falls, NY",121,106,0.008494208494208495
Tennessee,42940,"Sevierville, TN",1436,787,0.02891430412371134
Indiana,42980,"Seymour, IN",67,86,0.003038548752834467
Wisconsin,43020,"Shawano, WI",434,244,0.020731823827266647
Oklahoma,43060,"Shawnee, OK",2375,510,0.07712791868281753
Wisconsin,43100,"Sheboygan, WI",357,268,0.005791693705386113
North Carolina,43140,"Shelby-Kings Mountain, NC",538,401,0.011610090852197932
Tennessee,43180,"Shelbyville, TN",979,478,0.036004560332462944
Washington,43220,"Shelton, WA",1121,549,0.04515609264853978
Wyoming,43260,"Sheridan, WY",1664,783,0.09887106357694593
Texas,43300,"Sherman-Denison, TX",820,523,0.012137539039950266
Arizona,43320,"Show Low, AZ",2702,776,0.07548118557421013
Louisiana,43340,"Shreveport-Bossier City, LA",6930,2101,0.04186628163381201
Ohio,43380,"Sidney, OH",80,141,0.0034186573223366525
Arizona,43420,"Sierra Vista-Douglas, AZ",3462,920,0.08342972816657027
Missouri,43460,"Sikeston, MO",393,282,0.018048220436280137
New Mexico,43500,"Silver City, NM",186,227,0.02231285988483685
Iowa,43580,"Sioux City, IA-NE-SD",998,563,0.014089279159725555
Nebraska,43580,"Sioux City, IA-NE-SD",998,563,0.014089279159725555
South Dakota,43580,"Sioux City, IA-NE-SD",998,563,0.014089279159725555
South Dakota,43620,"Sioux Falls, SD-MN",3540,1075,0.02075759352644541
NA,43640,"Slidell-Mandeville-Covington, LA",3396,1069,0.025866599638964424
Kentucky,43700,"Somerset, KY",887,583,0.03374419843262573
Pennsylvania,43740,"Somerset, PA",647,291,0.01971779477646055
California,43760,"Sonora, CA",714,464,0.03145235892691952
Indiana,43780,"South Bend-Mishawaka, IN-MI",2073,708,0.013321337917295891
Michigan,43780,"South Bend-Mishawaka, IN-MI",2073,708,0.013321337917295891
NA,43890,"Sparta, WI",1714,512,0.08439608055541878
South Carolina,43900,"Spartanburg, SC",1703,910,0.009513063005189452
South Dakota,43940,"Spearfish, SD",633,427,0.04392782789729355
Iowa,44020,"Spirit Lake, IA",233,178,0.023530599878812362
Washington,44060,"Spokane-Spokane Valley, WA",9843,1926,0.03485407533834267
Illinois,44100,"Springfield, IL",2374,907,0.02428271876438398
Massachusetts,44140,"Springfield, MA",5269,1203,0.024118390215321518
Missouri,44180,"Springfield, MO",3115,834,0.012867965993869643
Ohio,44220,"Springfield, OH",1306,463,0.02225630538513974
Mississippi,44260,"Starkville, MS",86,105,0.0033434414120208384
Pennsylvania,44300,"State College, PA",892,486,0.012030318560677582
Georgia,44340,"Statesboro, GA",1822,970,0.04467985973172466
Virginia,44420,"Staunton-Stuarts Draft, VA",1313,728,0.021625271757032744
Colorado,44460,"Steamboat Springs, CO",250,255,0.009912767644726407
Texas,44500,"Stephenville, TX",424,369,0.020125308524776914
Colorado,44540,"Sterling, CO",99,163,0.011837857228267369
Illinois,44580,"Sterling, IL",395,283,0.015167805852085093
Wisconsin,44620,"Stevens Point-Plover, WI",221,229,0.005804943395235219
Oklahoma,44660,"Stillwater, OK",1572,751,0.04065587337712719
California,44700,"Stockton-Lodi, CA",7983,1672,0.02162517980349611
Iowa,44740,"Storm Lake, IA",208,145,0.020696517412935322
Michigan,44780,"Sturgis, MI",424,252,0.015538534833437168
Texas,44860,"Sulphur Springs, TX",277,235,0.016274014452734856
Georgia,44900,"Summerville, GA",13,25,0.001249519415609381
South Carolina,44940,"Sumter, SC",2367,1001,0.05913360647546717
Pennsylvania,44980,"Sunbury, PA",548,226,0.011199444115182604
California,45000,"Susanville, CA",788,480,0.07941146830595586
New York,45060,"Syracuse, NY",7089,1503,0.02216767253510116
Oklahoma,45140,"Tahlequah, OK",1356,490,0.06467922728356786
Alabama,45180,"Talladega-Sylacauga, AL",1959,728,0.050089491178726665
Florida,45220,"Tallahassee, FL",3036,1095,0.015671295101429825
Florida,45300,"Tampa-St. Petersburg-Clearwater, FL",35852,3627,0.021967060438213813
New Mexico,45340,"Taos, NM",411,458,0.024621098664110705
Illinois,45380,"Taylorville, IL",352,238,0.02241752642975417
Indiana,45460,"Terre Haute, IN",2801,871,0.03820187940699118
Arkansas,45500,"Texarkana, TX-AR",3790,1130,0.062410459927215244
Texas,45500,"Texarkana, TX-AR",3790,1130,0.062410459927215244
Oregon,45520,"The Dalles, OR",70,100,0.005426777269555779
Georgia,45580,"Thomaston, GA",0,226,0
Georgia,45620,"Thomasville, GA",309,297,0.009484346224677717
Ohio,45660,"Tiffin, OH",101,131,0.0037236395811827165
Georgia,45700,"Tifton, GA",263,295,0.013076119922438224
Georgia,45740,"Toccoa, GA",193,232,0.015008943152655727
Ohio,45780,"Toledo, OH",3659,1027,0.012553176890352683
Kansas,45820,"Topeka, KS",5086,1278,0.04586485828426112
Connecticut,45860,"Torrington, CT",347,266,0.005808892460158028
Michigan,45900,"Traverse City, MI",1345,687,0.01753791188014239
New Jersey,45940,"Trenton-Princeton, NJ",2535,922,0.013401565894997277
Alabama,45980,"Troy, AL",606,555,0.03710506980161646
California,46020,"Truckee-Grass Valley, CA",366,336,0.008697098590879927
Arizona,46060,"Tucson, AZ",17426,2713,0.035432958792359526
Tennessee,46100,"Tullahoma-Manchester, TN",1433,667,0.04733590988669772
Oklahoma,46140,"Tulsa, OK",11845,1350,0.024005723272479653
Mississippi,46180,"Tupelo, MS",800,484,0.013192829697059648
Alabama,46220,"Tuscaloosa, AL",5240,1479,0.04229080578512397
Idaho,46300,"Twin Falls, ID",2263,983,0.03854079738406254
Texas,46340,"Tyler, TX",2827,1322,0.025434784564585637
California,46380,"Ukiah, CA",473,311,0.012419913874593005
Tennessee,46460,"Union City, TN",58,59,0.005085042959845696
Ohio,46500,"Urbana, OH",227,239,0.012195777145006179
Hawaii,46520,"Urban Honolulu, HI",38532,2989,0.0835271649711366
New York,46540,"Utica-Rome, NY",3974,1115,0.03023087748659237
NA,46580,"Utuado, PR",0,251,0
Texas,46620,"Uvalde, TX",0,236,0
Georgia,46660,"Valdosta, GA",1854,776,0.028591256072172104
California,46700,"Vallejo, CA",5467,1267,0.02598174101902413
Ohio,46780,"Van Wert, OH",663,442,0.04981965734896303
Utah,46860,"Vernal, UT",745,595,0.043090982705766674
Mississippi,46980,"Vicksburg, MS",1975,716,0.10801203171998906
Texas,47020,"Victoria, TX",1589,1675,0.03600969927708659
Georgia,47080,"Vidalia, GA",86,85,0.005164234672431394
Indiana,47180,"Vincennes, IN",153,171,0.008562314623090268
New Jersey,47220,"Vineland, NJ",1989,1038,0.029425688670592063
North Carolina,47260,"Virginia Beach-Chesapeake-Norfolk, VA-NC",70911,5457,0.08493932392078511
Virginia,47260,"Virginia Beach-Chesapeake-Norfolk, VA-NC",70911,5457,0.08493932392078511
California,47300,"Visalia, CA",2410,630,0.012146197887267157
Indiana,47340,"Wabash, IN",28,41,0.0018425901553040273
Texas,47380,"Waco, TX",2791,958,0.019533327734385937
Minnesota,47420,"Wahpeton, ND-MN",284,273,0.024736521208953925
North Dakota,47420,"Wahpeton, ND-MN",284,273,0.024736521208953925
Washington,47460,"Walla Walla, WA",1265,532,0.0457421804375339
Ohio,47540,"Wapakoneta, OH",41,55,0.0017564151994173842
Georgia,47580,"Warner Robins, GA",12159,2180,0.13190067582959983
Pennsylvania,47620,"Warren, PA",208,134,0.013020344287949922
Missouri,47660,"Warrensburg, MO",1151,512,0.04527040314650934
Indiana,47700,"Warsaw, IN",455,403,0.01133419689119171
Indiana,47780,"Washington, IN",635,310,0.04133845452770002
North Carolina,47820,"Washington, NC",254,227,0.013910186199342827
District of Columbia,47900,"Washington-Arlington-Alexandria, DC-VA-MD-WV",465699,12082,0.1368566226169793
Maryland,47900,"Washington-Arlington-Alexandria, DC-VA-MD-WV",465699,12082,0.1368566226169793
Virginia,47900,"Washington-Arlington-Alexandria, DC-VA-MD-WV",465699,12082,0.1368566226169793
West Virginia,47900,"Washington-Arlington-Alexandria, DC-VA-MD-WV",465699,12082,0.1368566226169793
Ohio,47920,"Washington Court House, OH",278,296,0.020905399308166643
NA,47930,"Waterbury-Shelton, CT",4147,1438,0.01782368009352382
Iowa,47940,"Waterloo-Cedar Falls, IA",1266,579,0.01482452956123608
South Dakota,47980,"Watertown, SD",174,170,0.012174643157010915
Wisconsin,48020,"Watertown-Fort Atkinson, WI",519,393,0.011319026432870976
New York,48060,"Watertown-Fort Drum, NY",3254,975,0.06990783509141298
Wisconsin,48140,"Wausau, WI",326,157,0.00456563449714998
Georgia,48180,"Waycross, GA",164,197,0.006454151908697363
NA,48200,"Waynesville, NC",492,264,0.01594865311679471
Oklahoma,48220,"Weatherford, OK",898,437,0.04750317393144308
Ohio,48260,"Weirton-Steubenville, WV-OH",616,395,0.012181375941782514
West Virginia,48260,"Weirton-Steubenville, WV-OH",616,395,0.012181375941782514
Washington,48300,"Wenatchee-East Wenatchee, WA",2103,939,0.03644524548117082
Missouri,48460,"West Plains, MO",708,518,0.03772579527894709
Ohio,48540,"Wheeling, WV-OH",1328,498,0.021231354617979505
West Virginia,48540,"Wheeling, WV-OH",1328,498,0.021231354617979505
Wisconsin,48580,"Whitewater-Elkhorn, WI",276,175,0.005067939772309953
Kansas,48620,"Wichita, KS",7795,1834,0.02432122108442381
Texas,48660,"Wichita Falls, TX",3163,1010,0.04627245596582597
NA,48680,"Wildwood-The Villages, FL",1010,748,0.029541665447951095
Pennsylvania,48700,"Williamsport, PA",1875,700,0.034789869190091846
North Dakota,48780,"Williston, ND",253,255,0.012989013245713112
Minnesota,48820,"Willmar, MN",195,138,0.009208103130755065
North Carolina,48900,"Wilmington, NC",3692,1153,0.016338958148015382
Ohio,48940,"Wilmington, OH",338,291,0.016807558428642465
North Carolina,48980,"Wilson, NC",204,249,0.0060665536622357035
NA,49010,"Winchester, TN",448,312,0.021980178588951037
Virginia,49020,"Winchester, VA-WV",4313,1374,0.059650093354539795
West Virginia,49020,"Winchester, VA-WV",4313,1374,0.059650093354539795
Minnesota,49100,"Winona, MN",121,100,0.004441344883277052
North Carolina,49180,"Winston-Salem, NC",4911,1415,0.014791054890444997
Wisconsin,49220,"Wisconsin Rapids-Marshfield, WI",123,134,0.0035120781223231114
Ohio,49300,"Wooster, OH",622,406,0.010856285125842148
Connecticut,49340,"Worcester, MA",6942,1624,0.015353108219287148
Massachusetts,49340,"Worcester, MA",6942,1624,0.015353108219287148
Minnesota,49380,"Worthington, MN",29,29,0.0030577815267819487
Washington,49420,"Yakima, WA",4462,1389,0.03899429330490182
South Dakota,49460,"Yankton, SD",542,283,0.0470813064628214
Pennsylvania,49620,"York-Hanover, PA",5631,1347,0.02340681129479447
Ohio,49660,"Youngstown-Warren, OH",2839,706,0.014955644056725035
Pennsylvania,49660,"Youngstown-Warren, OH",2839,706,0.014955644056725035
California,49700,"Yuba City, CA",2085,947,0.02745552468363598
Arizona,49740,"Yuma, AZ",4916,1453,0.06572631860418478
Ohio,49780,"Zanesville, OH",267,249,0.007136556811803384
